Date_Time,Station_ID,Latitude,Longitude,pH,Dissolved_Oxygen,Temperature,Turbidity,Conductivity,Nitrate,Phosphate,Ammonia,Flow_Speed
2025-01-01 00:00:00,Station_1,29.0,78.0,7.3,7.98,24.06,11.95,268.23,2.38,0.75,0.43,1.45
2025-01-01 00:00:00,Station_2,29.025,78.025,6.8,8.79,23.4,7.85,318.47,1.39,1.02,0.69,1.57
2025-01-01 00:00:00,Station_3,29.05,78.05,7.35,7.51,25.65,6.89,312.85,1.88,0.76,0.75,1.43
2025-01-01 00:00:00,Station_4,29.075000000000003,78.07499999999999,6.88,8.49,27.28,8.29,278.91,2.17,1.25,0.37,1.58
2025-01-01 00:00:00,Station_5,29.1,78.1,7.39,7.53,27.91,8.13,313.98,2.36,1.01,0.55,1.59
2025-01-01 01:00:00,Station_1,29.0,78.0,6.91,8.06,26.1,10.82,324.45,1.3,0.91,0.71,1.54
2025-01-01 01:00:00,Station_2,29.025,78.025,6.97,7.93,23.35,9.25,329.53,1.79,0.89,0.29,1.62
2025-01-01 01:00:00,Station_3,29.05,78.05,7.07,7.84,26.74,11.47,339.44,2.58,1.13,0.59,1.61
2025-01-01 01:00:00,Station_4,29.075000000000003,78.07499999999999,7.27,7.68,24.56,11.32,266.11,1.51,1.18,0.6,1.36
2025-01-01 01:00:00,Station_5,29.1,78.1,7.48,7.71,22.83,12.61,260.46,2.04,0.88,0.81,1.51
2025-01-01 02:00:00,Station_1,29.0,78.0,7.31,8.1,23.92,8.81,297.95,2.69,0.94,0.65,1.63
2025-01-01 02:00:00,Station_2,29.025,78.025,7.3,7.92,25.71,9.1,313.69,1.92,0.71,0.49,1.51
2025-01-01 02:00:00,Station_3,29.05,78.05,7.2,8.36,27.38,11.53,281.42,1.68,1.63,0.67,1.63
2025-01-01 02:00:00,Station_4,29.075000000000003,78.07499999999999,7.04,8.07,22.8,7.07,293.34,2.4,0.58,0.25,1.51
2025-01-01 02:00:00,Station_5,29.1,78.1,6.82,7.86,26.99,12.72,351.34,1.4,1.19,0.86,1.61
2025-01-01 03:00:00,Station_1,29.0,78.0,6.81,8.43,23.46,10.25,281.12,2.06,1.31,0.63,1.61
2025-01-01 03:00:00,Station_2,29.025,78.025,7.12,8.02,22.35,10.92,285.79,1.45,1.48,0.43,1.38
2025-01-01 03:00:00,Station_3,29.05,78.05,7.26,7.8,23.37,13.95,266.65,2.46,0.67,0.55,1.53
2025-01-01 03:00:00,Station_4,29.075000000000003,78.07499999999999,7.03,8.44,24.01,11.2,276.82,1.23,0.97,0.77,1.53
2025-01-01 03:00:00,Station_5,29.1,78.1,7.37,7.88,24.2,9.61,253.37,1.61,1.69,0.72,1.6
2025-01-01 04:00:00,Station_1,29.0,78.0,6.75,8.46,28.04,12.37,305.58,2.38,0.83,0.37,1.41
2025-01-01 04:00:00,Station_2,29.025,78.025,7.55,8.32,26.94,9.88,311.09,2.03,0.93,0.39,1.37
2025-01-01 04:00:00,Station_3,29.05,78.05,5.33,7.23,25.06,17.96,389.56,5.57,1.95,1.72,1.6
2025-01-01 04:00:00,Station_4,29.075000000000003,78.07499999999999,5.53,6.25,26.01,24.69,382.36,5.85,3.86,2.16,1.64
2025-01-01 04:00:00,Station_5,29.1,78.1,5.72,4.97,26.66,26.13,449.58,5.15,1.98,1.3,1.51
2025-01-01 05:00:00,Station_1,29.0,78.0,7.48,9.02,24.84,9.04,313.11,2.47,1.15,0.49,1.51
2025-01-01 05:00:00,Station_2,29.025,78.025,6.95,9.17,25.27,8.74,270.62,1.18,0.71,0.43,1.48
2025-01-01 05:00:00,Station_3,29.05,78.05,5.61,5.5,25.75,23.47,375.46,5.46,3.6,2.32,1.59
2025-01-01 05:00:00,Station_4,29.075000000000003,78.07499999999999,6.2,4.56,28.93,22.07,429.15,3.19,2.58,2.81,1.38
2025-01-01 05:00:00,Station_5,29.1,78.1,5.85,4.77,24.15,21.16,473.22,5.11,3.11,1.95,1.58
2025-01-01 06:00:00,Station_1,29.0,78.0,7.09,8.28,27.23,11.53,303.91,2.81,1.11,0.77,1.37
2025-01-01 06:00:00,Station_2,29.025,78.025,7.06,8.3,25.21,11.65,300.96,1.11,0.91,0.58,1.36
2025-01-01 06:00:00,Station_3,29.05,78.05,5.86,4.67,27.23,21.53,407.85,5.52,3.09,1.48,1.45
2025-01-01 06:00:00,Station_4,29.075000000000003,78.07499999999999,5.52,5.75,25.37,26.47,417.64,6.65,2.74,2.18,1.59
2025-01-01 06:00:00,Station_5,29.1,78.1,4.96,5.94,23.63,19.43,386.25,4.07,3.36,1.11,1.4
2025-01-01 07:00:00,Station_1,29.0,78.0,7.04,8.34,22.67,8.8,298.68,2.56,1.02,0.14,1.47
2025-01-01 07:00:00,Station_2,29.025,78.025,7.31,9.02,22.12,8.61,303.61,1.93,1.17,0.51,1.5
2025-01-01 07:00:00,Station_3,29.05,78.05,5.94,4.16,21.76,23.67,443.68,6.64,1.92,1.65,1.56
2025-01-01 07:00:00,Station_4,29.075000000000003,78.07499999999999,6.37,5.91,29.67,22.05,396.93,5.23,3.51,2.24,1.44
2025-01-01 07:00:00,Station_5,29.1,78.1,5.09,5.77,24.21,21.72,413.81,5.8,2.85,1.89,1.51
2025-01-01 08:00:00,Station_1,29.0,78.0,7.07,8.42,25.48,10.32,329.27,1.94,0.32,0.76,1.55
2025-01-01 08:00:00,Station_2,29.025,78.025,7.4,8.59,24.04,9.35,289.42,2.38,1.08,0.64,1.41
2025-01-01 08:00:00,Station_3,29.05,78.05,5.03,6.36,25.69,20.2,425.99,5.29,2.82,2.07,1.76
2025-01-01 08:00:00,Station_4,29.075000000000003,78.07499999999999,5.44,4.47,25.76,19.99,422.8,4.87,2.52,1.22,1.63
2025-01-01 08:00:00,Station_5,29.1,78.1,5.86,5.4,27.01,17.37,425.62,5.73,2.38,2.19,1.42
2025-01-01 09:00:00,Station_1,29.0,78.0,7.28,7.49,22.5,10.98,295.73,0.99,1.05,0.83,1.56
2025-01-01 09:00:00,Station_2,29.025,78.025,7.09,8.4,24.83,9.23,311.88,2.37,1.02,0.63,1.52
2025-01-01 09:00:00,Station_3,29.05,78.05,7.31,7.04,26.39,9.3,309.95,2.09,1.13,0.73,1.42
2025-01-01 09:00:00,Station_4,29.075000000000003,78.07499999999999,7.03,7.97,24.5,11.4,318.05,2.73,0.41,0.53,1.48
2025-01-01 09:00:00,Station_5,29.1,78.1,5.15,4.86,27.32,27.88,457.99,5.94,3.44,1.79,1.39
2025-01-01 10:00:00,Station_1,29.0,78.0,7.12,8.1,24.39,8.93,280.81,2.95,1.05,0.24,1.56
2025-01-01 10:00:00,Station_2,29.025,78.025,7.45,7.9,29.45,10.22,319.19,1.49,1.04,0.33,1.6
2025-01-01 10:00:00,Station_3,29.05,78.05,7.39,9.02,24.95,9.05,290.38,1.43,0.92,0.58,1.39
2025-01-01 10:00:00,Station_4,29.075000000000003,78.07499999999999,7.52,7.38,23.94,10.48,266.56,1.42,1.34,0.49,1.45
2025-01-01 10:00:00,Station_5,29.1,78.1,7.07,9.19,24.86,11.02,367.17,2.04,1.18,0.45,1.43
2025-01-01 11:00:00,Station_1,29.0,78.0,7.57,8.04,25.83,11.53,282.25,2.68,0.89,0.64,1.39
2025-01-01 11:00:00,Station_2,29.025,78.025,7.21,7.65,24.03,12.66,303.08,1.33,1.05,0.29,1.53
2025-01-01 11:00:00,Station_3,29.05,78.05,7.2,7.43,25.26,8.88,287.37,1.9,1.22,0.57,1.68
2025-01-01 11:00:00,Station_4,29.075000000000003,78.07499999999999,7.15,6.79,21.91,12.99,305.94,2.42,1.12,0.46,1.52
2025-01-01 11:00:00,Station_5,29.1,78.1,7.39,7.56,23.75,10.44,242.22,2.06,1.27,0.4,1.43
2025-01-01 12:00:00,Station_1,29.0,78.0,7.61,8.48,23.12,8.82,271.81,2.38,1.24,0.42,1.39
2025-01-01 12:00:00,Station_2,29.025,78.025,6.93,8.25,25.04,9.02,288.21,1.74,1.23,0.7,1.5
2025-01-01 12:00:00,Station_3,29.05,78.05,7.05,7.97,23.93,6.65,314.45,3.23,1.5,0.67,1.5
2025-01-01 12:00:00,Station_4,29.075000000000003,78.07499999999999,7.37,6.93,25.62,7.96,286.73,1.14,1.04,0.44,1.55
2025-01-01 12:00:00,Station_5,29.1,78.1,7.27,8.31,26.9,11.04,297.79,1.65,0.53,0.15,1.49
2025-01-01 13:00:00,Station_1,29.0,78.0,7.08,8.46,25.29,7.98,295.73,3.02,0.83,0.67,1.57
2025-01-01 13:00:00,Station_2,29.025,78.025,7.24,9.1,24.68,9.36,283.27,2.48,0.57,0.21,1.55
2025-01-01 13:00:00,Station_3,29.05,78.05,7.05,8.0,25.61,11.33,272.68,2.22,0.96,0.58,1.41
2025-01-01 13:00:00,Station_4,29.075000000000003,78.07499999999999,7.01,8.39,26.44,8.2,309.98,1.65,0.64,0.78,1.6
2025-01-01 13:00:00,Station_5,29.1,78.1,7.3,7.69,24.43,9.01,286.64,2.5,0.9,0.76,1.61
2025-01-01 14:00:00,Station_1,29.0,78.0,7.18,7.87,25.64,7.38,298.31,2.83,0.92,0.33,1.48
2025-01-01 14:00:00,Station_2,29.025,78.025,7.24,9.16,24.28,9.97,305.93,3.19,0.85,0.48,1.48
2025-01-01 14:00:00,Station_3,29.05,78.05,7.43,7.69,25.1,13.34,307.1,1.98,1.13,0.48,1.5
2025-01-01 14:00:00,Station_4,29.075000000000003,78.07499999999999,6.97,8.38,27.44,10.7,276.84,2.34,1.05,0.7,1.51
2025-01-01 14:00:00,Station_5,29.1,78.1,7.01,8.74,26.61,9.84,294.19,1.33,1.21,0.76,1.42
2025-01-01 15:00:00,Station_1,29.0,78.0,7.28,7.3,24.96,10.21,287.84,2.84,0.82,0.28,1.48
2025-01-01 15:00:00,Station_2,29.025,78.025,7.28,7.97,24.59,9.43,314.69,0.53,1.66,0.1,1.59
2025-01-01 15:00:00,Station_3,29.05,78.05,7.24,8.15,25.94,10.97,317.7,2.21,1.07,0.71,1.57
2025-01-01 15:00:00,Station_4,29.075000000000003,78.07499999999999,7.4,7.83,28.29,15.52,310.52,1.3,0.91,0.85,1.6
2025-01-01 15:00:00,Station_5,29.1,78.1,7.0,7.29,24.92,13.29,282.0,2.12,0.81,0.74,1.31
2025-01-01 16:00:00,Station_1,29.0,78.0,7.25,7.8,24.69,8.14,333.32,2.75,0.98,0.47,1.52
2025-01-01 16:00:00,Station_2,29.025,78.025,7.25,7.73,23.93,10.4,301.99,2.25,1.09,0.49,1.42
2025-01-01 16:00:00,Station_3,29.05,78.05,7.14,7.87,24.29,11.91,284.08,1.6,1.17,0.52,1.55
2025-01-01 16:00:00,Station_4,29.075000000000003,78.07499999999999,7.16,7.75,24.34,11.36,292.05,1.88,1.39,0.24,1.67
2025-01-01 16:00:00,Station_5,29.1,78.1,7.27,8.16,21.25,12.02,316.65,2.51,0.75,0.47,1.61
2025-01-01 17:00:00,Station_1,29.0,78.0,7.16,7.65,26.1,9.36,310.24,2.29,1.1,0.38,1.69
2025-01-01 17:00:00,Station_2,29.025,78.025,7.25,6.81,22.11,9.75,305.42,2.31,0.73,0.81,1.4
2025-01-01 17:00:00,Station_3,29.05,78.05,6.91,8.26,25.01,7.87,303.6,1.91,0.84,0.37,1.42
2025-01-01 17:00:00,Station_4,29.075000000000003,78.07499999999999,7.33,8.1,26.91,7.48,304.01,2.06,0.37,0.74,1.6
2025-01-01 17:00:00,Station_5,29.1,78.1,7.31,8.48,24.08,11.75,295.15,2.03,1.12,0.68,1.54
2025-01-01 18:00:00,Station_1,29.0,78.0,7.28,8.55,25.47,6.34,329.65,1.2,1.03,0.22,1.51
2025-01-01 18:00:00,Station_2,29.025,78.025,6.94,7.91,29.25,8.64,332.79,1.27,1.01,0.24,1.51
2025-01-01 18:00:00,Station_3,29.05,78.05,6.9,8.98,23.75,6.69,286.79,1.42,1.52,0.6,1.49
2025-01-01 18:00:00,Station_4,29.075000000000003,78.07499999999999,7.31,7.97,25.74,7.5,276.84,2.63,1.15,0.58,1.44
2025-01-01 18:00:00,Station_5,29.1,78.1,7.18,7.97,23.76,10.65,305.58,2.36,0.87,0.71,1.57
2025-01-01 19:00:00,Station_1,29.0,78.0,6.99,7.71,22.56,11.08,286.18,2.54,0.81,0.72,1.46
2025-01-01 19:00:00,Station_2,29.025,78.025,7.01,8.61,22.59,11.58,332.01,2.76,0.63,0.71,1.65
2025-01-01 19:00:00,Station_3,29.05,78.05,7.11,7.07,22.77,7.0,307.8,1.87,0.6,0.71,1.48
2025-01-01 19:00:00,Station_4,29.075000000000003,78.07499999999999,7.16,9.35,25.67,9.24,312.45,1.0,0.68,0.38,1.59
2025-01-01 19:00:00,Station_5,29.1,78.1,7.45,7.92,22.73,11.37,286.01,1.99,1.12,0.56,1.48
2025-01-01 20:00:00,Station_1,29.0,78.0,7.05,7.53,28.18,10.83,289.19,1.88,0.99,0.25,1.28
2025-01-01 20:00:00,Station_2,29.025,78.025,7.05,7.79,24.33,12.79,270.64,2.42,1.04,0.52,1.49
2025-01-01 20:00:00,Station_3,29.05,78.05,7.16,8.17,24.0,11.66,302.24,2.69,0.82,0.61,1.42
2025-01-01 20:00:00,Station_4,29.075000000000003,78.07499999999999,7.22,7.67,26.66,11.24,280.67,1.94,0.79,0.94,1.53
2025-01-01 20:00:00,Station_5,29.1,78.1,7.13,7.58,22.0,11.03,285.83,2.95,1.31,0.59,1.68
2025-01-01 21:00:00,Station_1,29.0,78.0,7.31,7.81,25.23,11.6,297.25,1.46,0.58,0.26,1.45
2025-01-01 21:00:00,Station_2,29.025,78.025,7.46,7.84,27.21,12.28,326.44,1.36,1.44,0.46,1.49
2025-01-01 21:00:00,Station_3,29.05,78.05,7.2,7.27,22.51,11.77,341.76,2.35,0.74,0.56,1.7
2025-01-01 21:00:00,Station_4,29.075000000000003,78.07499999999999,7.1,8.67,26.28,10.8,291.67,1.85,0.58,1.0,1.48
2025-01-01 21:00:00,Station_5,29.1,78.1,7.13,9.18,22.5,13.06,271.41,2.73,0.82,0.52,1.58
2025-01-01 22:00:00,Station_1,29.0,78.0,7.05,8.68,27.92,11.05,269.22,1.45,1.05,0.5,1.5
2025-01-01 22:00:00,Station_2,29.025,78.025,7.14,7.42,25.42,10.4,304.65,2.92,0.66,0.51,1.46
2025-01-01 22:00:00,Station_3,29.05,78.05,7.51,7.54,26.57,13.68,281.17,2.39,1.36,0.5,1.48
2025-01-01 22:00:00,Station_4,29.075000000000003,78.07499999999999,6.88,7.97,25.37,9.68,294.25,2.9,1.33,0.67,1.52
2025-01-01 22:00:00,Station_5,29.1,78.1,7.35,7.61,26.49,7.77,300.46,1.16,1.13,0.28,1.47
2025-01-01 23:00:00,Station_1,29.0,78.0,6.9,7.98,22.9,6.64,329.92,1.71,1.06,0.47,1.46
2025-01-01 23:00:00,Station_2,29.025,78.025,7.03,8.07,21.57,10.72,354.36,1.62,0.93,0.35,1.49
2025-01-01 23:00:00,Station_3,29.05,78.05,7.17,8.47,29.78,7.73,309.49,2.02,1.03,0.21,1.37
2025-01-01 23:00:00,Station_4,29.075000000000003,78.07499999999999,7.18,6.92,24.18,7.69,333.56,2.44,1.24,0.4,1.49
2025-01-01 23:00:00,Station_5,29.1,78.1,7.4,8.8,22.35,12.81,287.92,1.8,1.28,0.25,1.54
2025-01-02 00:00:00,Station_1,29.0,78.0,7.41,7.77,27.18,9.75,293.91,2.11,0.96,0.54,1.57
2025-01-02 00:00:00,Station_2,29.025,78.025,7.34,7.64,25.82,11.17,316.79,1.43,1.71,0.09,1.47
2025-01-02 00:00:00,Station_3,29.05,78.05,7.4,7.98,24.75,9.13,325.43,1.77,1.01,0.59,1.56
2025-01-02 00:00:00,Station_4,29.075000000000003,78.07499999999999,7.21,7.76,26.48,8.37,315.59,1.49,1.27,0.56,1.6
2025-01-02 00:00:00,Station_5,29.1,78.1,7.06,8.43,25.98,10.92,307.14,2.67,0.48,0.67,1.44
2025-01-02 01:00:00,Station_1,29.0,78.0,7.04,8.17,26.68,6.72,273.75,2.38,1.18,0.34,1.43
2025-01-02 01:00:00,Station_2,29.025,78.025,7.04,8.22,25.44,12.6,309.91,2.8,1.08,0.47,1.47
2025-01-02 01:00:00,Station_3,29.05,78.05,7.58,7.63,21.95,9.31,301.53,1.55,0.91,0.46,1.45
2025-01-02 01:00:00,Station_4,29.075000000000003,78.07499999999999,7.42,8.05,26.32,7.3,309.9,2.2,0.81,0.61,1.58
2025-01-02 01:00:00,Station_5,29.1,78.1,7.09,8.56,25.98,10.83,295.76,1.17,1.25,0.48,1.56
2025-01-02 02:00:00,Station_1,29.0,78.0,7.23,7.13,26.61,6.66,290.26,1.96,1.34,0.41,1.6
2025-01-02 02:00:00,Station_2,29.025,78.025,7.17,7.99,26.81,10.1,283.35,2.25,1.14,0.51,1.65
2025-01-02 02:00:00,Station_3,29.05,78.05,7.51,7.75,24.88,7.92,276.22,2.16,1.23,0.33,1.6
2025-01-02 02:00:00,Station_4,29.075000000000003,78.07499999999999,7.22,8.67,23.1,11.94,289.77,2.65,1.2,0.22,1.45
2025-01-02 02:00:00,Station_5,29.1,78.1,7.56,8.0,23.5,12.04,308.06,1.38,1.46,0.6,1.57
2025-01-02 03:00:00,Station_1,29.0,78.0,7.34,7.94,25.56,7.96,279.57,1.23,0.9,0.74,1.4
2025-01-02 03:00:00,Station_2,29.025,78.025,6.93,8.51,23.43,13.25,277.61,2.79,0.82,0.38,1.56
2025-01-02 03:00:00,Station_3,29.05,78.05,7.28,8.31,24.64,11.23,322.03,2.92,0.83,0.3,1.58
2025-01-02 03:00:00,Station_4,29.075000000000003,78.07499999999999,7.4,7.86,30.26,11.37,318.21,1.51,0.82,0.07,1.56
2025-01-02 03:00:00,Station_5,29.1,78.1,7.05,7.57,25.96,10.61,302.11,1.93,1.51,0.57,1.33
2025-01-02 04:00:00,Station_1,29.0,78.0,6.98,7.6,28.94,12.62,303.42,1.97,0.8,0.41,1.53
2025-01-02 04:00:00,Station_2,29.025,78.025,7.01,8.09,23.97,15.28,321.79,2.12,0.76,0.52,1.49
2025-01-02 04:00:00,Station_3,29.05,78.05,7.27,7.22,24.68,9.91,322.84,2.97,0.68,0.28,1.34
2025-01-02 04:00:00,Station_4,29.075000000000003,78.07499999999999,7.29,7.93,24.22,7.38,298.99,1.93,1.02,0.51,1.41
2025-01-02 04:00:00,Station_5,29.1,78.1,7.26,9.16,26.53,8.9,310.47,2.02,1.01,0.4,1.62
2025-01-02 05:00:00,Station_1,29.0,78.0,7.16,8.32,26.18,9.57,293.45,1.37,0.7,0.44,1.43
2025-01-02 05:00:00,Station_2,29.025,78.025,7.57,8.97,24.43,10.51,329.35,2.2,0.81,0.37,1.52
2025-01-02 05:00:00,Station_3,29.05,78.05,7.13,7.84,23.13,9.96,305.25,1.59,1.15,0.35,1.47
2025-01-02 05:00:00,Station_4,29.075000000000003,78.07499999999999,7.27,7.29,22.83,12.68,299.52,2.24,1.19,0.28,1.53
2025-01-02 05:00:00,Station_5,29.1,78.1,7.32,7.4,25.67,11.13,294.39,1.55,1.2,0.5,1.58
2025-01-02 06:00:00,Station_1,29.0,78.0,7.0,7.51,25.26,11.27,307.74,1.75,1.25,0.7,1.39
2025-01-02 06:00:00,Station_2,29.025,78.025,7.23,8.1,26.33,9.13,279.69,1.59,0.89,0.54,1.41
2025-01-02 06:00:00,Station_3,29.05,78.05,7.39,7.54,28.86,11.58,311.0,1.36,0.93,0.5,1.41
2025-01-02 06:00:00,Station_4,29.075000000000003,78.07499999999999,7.32,8.95,24.52,10.22,298.76,4.09,1.23,0.38,1.33
2025-01-02 06:00:00,Station_5,29.1,78.1,7.16,8.46,26.24,12.45,284.04,1.98,1.3,0.4,1.63
2025-01-02 07:00:00,Station_1,29.0,78.0,7.34,8.85,26.51,9.76,307.47,1.84,0.63,0.64,1.45
2025-01-02 07:00:00,Station_2,29.025,78.025,7.3,7.63,23.07,9.1,329.25,1.74,1.31,0.51,1.61
2025-01-02 07:00:00,Station_3,29.05,78.05,7.16,8.31,28.12,8.49,301.29,1.82,0.82,0.65,1.35
2025-01-02 07:00:00,Station_4,29.075000000000003,78.07499999999999,7.21,8.13,26.27,11.37,318.57,2.12,1.07,0.33,1.63
2025-01-02 07:00:00,Station_5,29.1,78.1,7.23,7.77,24.35,9.4,327.8,1.32,1.45,0.37,1.65
2025-01-02 08:00:00,Station_1,29.0,78.0,6.85,8.11,27.1,10.82,301.54,1.5,0.66,0.57,1.62
2025-01-02 08:00:00,Station_2,29.025,78.025,6.91,8.18,23.3,7.8,303.54,2.29,0.74,0.76,1.34
2025-01-02 08:00:00,Station_3,29.05,78.05,7.21,7.62,25.62,10.57,290.67,2.3,0.81,0.8,1.61
2025-01-02 08:00:00,Station_4,29.075000000000003,78.07499999999999,7.18,8.28,24.73,9.17,278.09,1.69,0.38,0.52,1.5
2025-01-02 08:00:00,Station_5,29.1,78.1,7.1,8.07,22.29,9.97,290.22,2.21,1.32,0.71,1.61
2025-01-02 09:00:00,Station_1,29.0,78.0,7.37,8.03,25.09,11.84,333.55,2.1,0.36,0.52,1.55
2025-01-02 09:00:00,Station_2,29.025,78.025,4.83,5.88,27.44,25.43,450.75,4.8,3.41,2.28,1.46
2025-01-02 09:00:00,Station_3,29.05,78.05,7.37,8.57,27.27,12.42,302.25,2.0,0.49,0.4,1.66
2025-01-02 09:00:00,Station_4,29.075000000000003,78.07499999999999,7.45,8.19,25.55,10.39,307.7,1.91,0.73,0.78,1.63
2025-01-02 09:00:00,Station_5,29.1,78.1,6.94,8.72,24.6,11.25,295.68,2.19,1.14,0.53,1.51
2025-01-02 10:00:00,Station_1,29.0,78.0,7.2,7.91,26.15,10.73,278.3,1.55,1.22,0.71,1.54
2025-01-02 10:00:00,Station_2,29.025,78.025,7.15,8.46,20.83,9.33,253.49,2.08,-0.05,0.31,1.58
2025-01-02 10:00:00,Station_3,29.05,78.05,7.03,7.78,28.46,9.59,319.11,2.37,0.98,0.59,1.43
2025-01-02 10:00:00,Station_4,29.075000000000003,78.07499999999999,6.93,8.76,20.41,11.47,279.82,1.54,0.81,0.58,1.7
2025-01-02 10:00:00,Station_5,29.1,78.1,7.19,8.46,22.52,11.05,330.19,1.96,1.09,0.25,1.56
2025-01-02 11:00:00,Station_1,29.0,78.0,7.17,7.77,20.71,9.76,286.59,2.7,1.02,0.66,1.63
2025-01-02 11:00:00,Station_2,29.025,78.025,6.71,7.58,27.59,14.85,289.18,2.66,0.43,0.4,1.64
2025-01-02 11:00:00,Station_3,29.05,78.05,7.27,8.09,24.26,8.06,268.85,2.62,1.0,0.37,1.45
2025-01-02 11:00:00,Station_4,29.075000000000003,78.07499999999999,6.83,9.57,25.33,8.43,270.36,1.99,0.9,0.38,1.56
2025-01-02 11:00:00,Station_5,29.1,78.1,7.19,8.44,26.57,10.05,285.3,1.71,0.98,0.58,1.47
2025-01-02 12:00:00,Station_1,29.0,78.0,6.91,7.93,24.91,11.61,276.98,2.24,0.94,0.89,1.56
2025-01-02 12:00:00,Station_2,29.025,78.025,7.06,7.6,26.93,10.68,328.35,2.36,1.63,0.61,1.44
2025-01-02 12:00:00,Station_3,29.05,78.05,7.18,8.05,25.98,11.34,277.69,2.04,0.89,0.53,1.46
2025-01-02 12:00:00,Station_4,29.075000000000003,78.07499999999999,7.18,8.1,24.93,8.76,328.85,1.33,0.81,0.76,1.48
2025-01-02 12:00:00,Station_5,29.1,78.1,6.83,7.57,27.4,6.2,299.1,2.63,1.12,0.49,1.69
2025-01-02 13:00:00,Station_1,29.0,78.0,7.05,7.84,25.32,11.12,279.47,1.62,0.8,0.36,1.56
2025-01-02 13:00:00,Station_2,29.025,78.025,7.57,7.5,26.0,14.1,321.93,2.01,0.52,0.65,1.53
2025-01-02 13:00:00,Station_3,29.05,78.05,7.41,7.71,20.87,8.37,305.08,2.61,0.42,0.53,1.45
2025-01-02 13:00:00,Station_4,29.075000000000003,78.07499999999999,7.48,7.91,24.8,11.81,278.73,2.4,1.18,0.85,1.42
2025-01-02 13:00:00,Station_5,29.1,78.1,7.15,8.28,22.79,10.99,295.72,1.43,1.15,0.08,1.55
2025-01-02 14:00:00,Station_1,29.0,78.0,7.17,8.7,25.34,8.54,302.64,2.05,1.19,0.61,1.51
2025-01-02 14:00:00,Station_2,29.025,78.025,6.96,8.34,21.82,9.27,302.27,2.3,1.02,0.51,1.35
2025-01-02 14:00:00,Station_3,29.05,78.05,7.35,7.67,25.11,12.7,282.49,2.47,1.23,0.58,1.59
2025-01-02 14:00:00,Station_4,29.075000000000003,78.07499999999999,7.07,8.0,23.87,10.73,323.71,2.46,1.34,0.61,1.53
2025-01-02 14:00:00,Station_5,29.1,78.1,6.86,8.11,26.11,10.23,322.85,1.23,0.98,0.8,1.46
2025-01-02 15:00:00,Station_1,29.0,78.0,7.07,7.62,20.26,10.3,326.11,2.24,0.72,0.59,1.39
2025-01-02 15:00:00,Station_2,29.025,78.025,7.21,8.55,27.1,11.65,278.85,2.26,1.21,0.69,1.5
2025-01-02 15:00:00,Station_3,29.05,78.05,6.9,8.3,24.97,8.76,326.37,2.05,1.03,0.32,1.42
2025-01-02 15:00:00,Station_4,29.075000000000003,78.07499999999999,6.89,8.28,25.71,7.31,287.83,2.2,0.77,0.66,1.39
2025-01-02 15:00:00,Station_5,29.1,78.1,7.16,8.76,21.84,10.51,273.82,2.37,0.82,0.46,1.39
2025-01-02 16:00:00,Station_1,29.0,78.0,6.8,8.77,25.15,7.29,311.73,2.56,0.65,0.23,1.43
2025-01-02 16:00:00,Station_2,29.025,78.025,7.3,8.05,26.47,9.76,289.03,1.26,1.48,0.59,1.57
2025-01-02 16:00:00,Station_3,29.05,78.05,7.13,8.89,23.71,7.12,280.72,2.22,1.15,0.39,1.55
2025-01-02 16:00:00,Station_4,29.075000000000003,78.07499999999999,7.07,8.55,23.27,11.14,329.66,2.65,1.22,0.64,1.4
2025-01-02 16:00:00,Station_5,29.1,78.1,7.51,7.77,28.93,11.4,313.45,2.67,0.68,0.73,1.45
2025-01-02 17:00:00,Station_1,29.0,78.0,7.45,8.23,25.03,11.14,313.94,1.86,0.73,0.5,1.57
2025-01-02 17:00:00,Station_2,29.025,78.025,6.89,7.62,29.96,8.74,293.54,1.85,0.79,0.66,1.56
2025-01-02 17:00:00,Station_3,29.05,78.05,7.02,8.13,23.49,13.78,293.05,1.6,1.05,0.59,1.47
2025-01-02 17:00:00,Station_4,29.075000000000003,78.07499999999999,6.98,8.83,25.37,12.32,299.2,2.27,0.82,0.56,1.51
2025-01-02 17:00:00,Station_5,29.1,78.1,7.16,7.8,26.06,11.27,273.53,1.98,0.67,0.47,1.6
2025-01-02 18:00:00,Station_1,29.0,78.0,7.2,8.26,27.72,11.57,281.21,2.05,0.84,0.43,1.69
2025-01-02 18:00:00,Station_2,29.025,78.025,7.16,7.65,22.49,11.88,311.64,2.77,0.45,0.71,1.29
2025-01-02 18:00:00,Station_3,29.05,78.05,7.05,7.93,28.68,9.73,287.19,1.62,1.22,0.62,1.49
2025-01-02 18:00:00,Station_4,29.075000000000003,78.07499999999999,7.15,7.78,27.07,10.83,261.47,2.51,0.89,0.7,1.43
2025-01-02 18:00:00,Station_5,29.1,78.1,7.23,7.91,22.4,9.23,294.8,2.79,1.39,0.6,1.53
2025-01-02 19:00:00,Station_1,29.0,78.0,7.53,8.34,21.99,11.53,280.65,1.71,0.51,0.5,1.34
2025-01-02 19:00:00,Station_2,29.025,78.025,7.32,8.28,23.0,8.4,313.11,1.99,0.51,0.53,1.49
2025-01-02 19:00:00,Station_3,29.05,78.05,7.19,7.87,22.01,9.1,311.44,2.28,0.7,0.14,1.5
2025-01-02 19:00:00,Station_4,29.075000000000003,78.07499999999999,7.56,7.94,21.0,7.32,309.63,2.51,0.49,0.73,1.56
2025-01-02 19:00:00,Station_5,29.1,78.1,7.56,7.69,23.49,9.81,301.5,1.66,0.79,0.04,1.53
2025-01-02 20:00:00,Station_1,29.0,78.0,7.25,7.92,24.36,10.78,298.31,1.96,1.26,0.15,1.36
2025-01-02 20:00:00,Station_2,29.025,78.025,7.11,7.21,22.22,9.86,293.05,1.85,1.13,0.08,1.5
2025-01-02 20:00:00,Station_3,29.05,78.05,6.96,7.09,27.13,10.46,289.65,2.14,0.44,0.65,1.67
2025-01-02 20:00:00,Station_4,29.075000000000003,78.07499999999999,7.2,7.85,26.1,6.92,326.93,1.59,0.49,0.56,1.47
2025-01-02 20:00:00,Station_5,29.1,78.1,7.49,7.66,27.69,12.23,318.07,2.39,1.78,0.42,1.53
2025-01-02 21:00:00,Station_1,29.0,78.0,7.6,7.8,24.89,11.02,283.66,1.57,1.19,0.53,1.51
2025-01-02 21:00:00,Station_2,29.025,78.025,7.04,7.35,23.73,14.21,301.5,2.41,0.87,0.68,1.59
2025-01-02 21:00:00,Station_3,29.05,78.05,7.16,8.44,26.06,8.3,286.39,1.46,0.82,-0.01,1.28
2025-01-02 21:00:00,Station_4,29.075000000000003,78.07499999999999,7.31,8.02,23.7,11.78,316.52,1.97,1.27,0.53,1.55
2025-01-02 21:00:00,Station_5,29.1,78.1,7.13,8.16,26.67,11.19,319.15,2.74,0.73,0.42,1.45
2025-01-02 22:00:00,Station_1,29.0,78.0,7.75,8.37,23.86,7.7,324.67,1.66,0.4,0.28,1.53
2025-01-02 22:00:00,Station_2,29.025,78.025,7.51,8.03,22.03,14.15,337.77,2.43,0.94,0.7,1.52
2025-01-02 22:00:00,Station_3,29.05,78.05,7.32,8.4,24.43,8.41,328.47,1.68,1.33,0.7,1.51
2025-01-02 22:00:00,Station_4,29.075000000000003,78.07499999999999,7.1,8.24,27.61,10.02,312.14,2.59,1.34,0.24,1.25
2025-01-02 22:00:00,Station_5,29.1,78.1,6.91,8.46,26.18,10.72,319.64,2.08,1.45,0.41,1.43
2025-01-02 23:00:00,Station_1,29.0,78.0,7.5,8.59,23.74,10.3,300.05,2.46,1.69,0.14,1.69
2025-01-02 23:00:00,Station_2,29.025,78.025,7.42,8.39,23.86,5.88,297.33,1.22,0.62,0.65,1.53
2025-01-02 23:00:00,Station_3,29.05,78.05,7.18,7.36,25.85,11.23,301.21,1.83,0.46,0.72,1.51
2025-01-02 23:00:00,Station_4,29.075000000000003,78.07499999999999,7.17,8.09,25.22,11.12,276.1,1.98,1.15,0.46,1.54
2025-01-02 23:00:00,Station_5,29.1,78.1,7.53,7.91,21.46,11.75,312.46,1.74,1.34,0.65,1.43
2025-01-03 00:00:00,Station_1,29.0,78.0,7.47,7.47,24.67,8.4,331.41,2.81,0.7,0.61,1.43
2025-01-03 00:00:00,Station_2,29.025,78.025,7.1,7.72,23.45,9.62,309.77,2.37,1.13,0.01,1.44
2025-01-03 00:00:00,Station_3,29.05,78.05,7.29,8.32,26.26,9.22,281.07,2.31,0.97,0.34,1.25
2025-01-03 00:00:00,Station_4,29.075000000000003,78.07499999999999,7.2,8.3,24.86,8.0,274.6,3.24,1.44,0.25,1.14
2025-01-03 00:00:00,Station_5,29.1,78.1,7.01,8.23,26.09,13.18,294.36,1.99,1.18,0.59,1.57
2025-01-03 01:00:00,Station_1,29.0,78.0,7.26,8.85,23.41,11.18,247.21,2.18,1.1,0.35,1.58
2025-01-03 01:00:00,Station_2,29.025,78.025,7.09,8.15,23.65,8.37,306.16,1.26,0.93,0.5,1.47
2025-01-03 01:00:00,Station_3,29.05,78.05,6.24,4.1,25.75,18.25,430.89,5.8,3.64,1.71,1.59
2025-01-03 01:00:00,Station_4,29.075000000000003,78.07499999999999,5.82,6.08,23.76,16.19,376.98,6.06,1.96,1.62,1.55
2025-01-03 01:00:00,Station_5,29.1,78.1,5.36,4.78,24.86,21.63,385.29,4.18,3.4,1.76,1.49
2025-01-03 02:00:00,Station_1,29.0,78.0,7.34,8.26,24.83,10.82,309.62,1.84,1.08,0.62,1.53
2025-01-03 02:00:00,Station_2,29.025,78.025,7.52,7.43,22.01,9.03,319.49,1.62,1.27,0.34,1.62
2025-01-03 02:00:00,Station_3,29.05,78.05,5.44,4.93,21.73,18.22,422.66,3.89,2.17,1.59,1.53
2025-01-03 02:00:00,Station_4,29.075000000000003,78.07499999999999,5.56,6.52,21.72,21.48,356.5,6.05,2.95,1.78,1.45
2025-01-03 02:00:00,Station_5,29.1,78.1,6.29,5.23,24.2,27.0,452.58,2.84,2.33,2.27,1.59
2025-01-03 03:00:00,Station_1,29.0,78.0,7.3,7.75,23.05,10.41,307.68,2.15,1.5,-0.02,1.55
2025-01-03 03:00:00,Station_2,29.025,78.025,7.62,7.79,21.58,9.19,286.89,2.0,1.01,0.77,1.42
2025-01-03 03:00:00,Station_3,29.05,78.05,5.83,5.39,25.97,22.59,456.14,5.04,3.21,1.62,1.6
2025-01-03 03:00:00,Station_4,29.075000000000003,78.07499999999999,5.5,6.31,26.7,29.17,372.49,5.56,3.26,1.97,1.62
2025-01-03 03:00:00,Station_5,29.1,78.1,5.51,6.6,26.62,20.91,420.07,5.64,3.51,1.95,1.54
2025-01-03 04:00:00,Station_1,29.0,78.0,7.35,7.85,26.19,6.85,281.55,1.9,0.77,0.54,1.72
2025-01-03 04:00:00,Station_2,29.025,78.025,6.87,7.79,23.89,10.32,294.0,1.54,0.91,0.77,1.58
2025-01-03 04:00:00,Station_3,29.05,78.05,5.49,5.68,20.81,21.3,436.7,4.43,3.99,2.24,1.64
2025-01-03 04:00:00,Station_4,29.075000000000003,78.07499999999999,5.71,5.96,24.83,24.65,422.49,5.84,3.79,1.21,1.44
2025-01-03 04:00:00,Station_5,29.1,78.1,6.08,6.96,27.92,22.72,413.35,6.02,3.54,1.71,1.38
2025-01-03 05:00:00,Station_1,29.0,78.0,6.95,8.24,25.51,12.59,268.16,2.52,1.31,0.42,1.49
2025-01-03 05:00:00,Station_2,29.025,78.025,7.22,8.1,25.48,11.4,303.38,2.38,1.49,0.56,1.35
2025-01-03 05:00:00,Station_3,29.05,78.05,6.02,5.49,25.28,22.48,472.8,5.66,3.24,2.06,1.46
2025-01-03 05:00:00,Station_4,29.075000000000003,78.07499999999999,6.04,6.39,24.43,18.19,412.99,3.85,2.1,1.64,1.52
2025-01-03 05:00:00,Station_5,29.1,78.1,5.27,5.45,26.45,20.98,389.89,4.96,3.96,1.46,1.55
2025-01-03 06:00:00,Station_1,29.0,78.0,7.01,7.94,24.09,10.03,313.02,2.66,0.73,0.27,1.28
2025-01-03 06:00:00,Station_2,29.025,78.025,6.99,7.91,26.24,11.71,287.63,1.94,0.87,0.4,1.59
2025-01-03 06:00:00,Station_3,29.05,78.05,7.35,7.04,24.08,12.2,296.78,1.67,0.57,0.46,1.63
2025-01-03 06:00:00,Station_4,29.075000000000003,78.07499999999999,7.34,8.23,27.21,11.01,251.11,1.75,0.52,0.73,1.67
2025-01-03 06:00:00,Station_5,29.1,78.1,7.27,7.81,27.34,10.64,312.25,2.03,0.39,0.28,1.58
2025-01-03 07:00:00,Station_1,29.0,78.0,7.3,7.26,26.98,8.87,265.92,2.18,0.72,0.36,1.44
2025-01-03 07:00:00,Station_2,29.025,78.025,7.28,7.99,26.98,10.74,295.44,2.67,1.82,0.49,1.65
2025-01-03 07:00:00,Station_3,29.05,78.05,6.0,6.86,22.77,16.96,398.84,5.05,3.55,1.79,1.46
2025-01-03 07:00:00,Station_4,29.075000000000003,78.07499999999999,6.15,6.26,26.89,21.97,411.16,6.38,2.21,2.05,1.45
2025-01-03 07:00:00,Station_5,29.1,78.1,6.36,5.76,24.05,22.66,432.7,6.19,3.62,1.75,1.55
2025-01-03 08:00:00,Station_1,29.0,78.0,7.14,8.22,27.14,11.83,314.99,1.9,1.1,0.79,1.48
2025-01-03 08:00:00,Station_2,29.025,78.025,7.1,7.78,22.44,10.64,292.97,2.55,0.6,0.29,1.53
2025-01-03 08:00:00,Station_3,29.05,78.05,5.96,6.27,27.55,21.38,403.62,5.26,3.37,1.43,1.37
2025-01-03 08:00:00,Station_4,29.075000000000003,78.07499999999999,5.41,6.56,23.84,23.32,400.37,5.05,2.88,1.79,1.41
2025-01-03 08:00:00,Station_5,29.1,78.1,5.07,6.3,20.44,20.65,372.0,4.11,3.52,2.13,1.53
2025-01-03 09:00:00,Station_1,29.0,78.0,7.13,7.75,23.73,9.8,321.94,2.52,0.85,0.39,1.44
2025-01-03 09:00:00,Station_2,29.025,78.025,7.32,7.49,25.43,11.28,317.52,1.34,0.56,0.39,1.41
2025-01-03 09:00:00,Station_3,29.05,78.05,6.1,5.67,23.68,21.3,359.92,5.68,3.99,2.04,1.46
2025-01-03 09:00:00,Station_4,29.075000000000003,78.07499999999999,5.73,4.87,27.05,21.61,371.3,5.47,2.15,1.43,1.69
2025-01-03 09:00:00,Station_5,29.1,78.1,5.46,6.02,25.94,21.96,437.91,4.84,2.38,1.63,1.49
2025-01-03 10:00:00,Station_1,29.0,78.0,6.84,8.59,21.57,11.27,298.81,1.78,1.34,0.51,1.37
2025-01-03 10:00:00,Station_2,29.025,78.025,7.27,9.01,25.31,10.11,295.36,1.58,0.74,0.41,1.54
2025-01-03 10:00:00,Station_3,29.05,78.05,5.86,5.84,28.73,19.57,405.69,5.5,3.88,1.29,1.56
2025-01-03 10:00:00,Station_4,29.075000000000003,78.07499999999999,5.8,4.99,26.67,22.23,447.48,5.01,2.22,1.96,1.46
2025-01-03 10:00:00,Station_5,29.1,78.1,6.17,6.79,25.8,15.8,454.24,4.26,3.37,1.54,1.61
2025-01-03 11:00:00,Station_1,29.0,78.0,6.73,8.49,23.45,9.61,279.27,1.94,1.08,0.3,1.5
2025-01-03 11:00:00,Station_2,29.025,78.025,7.29,7.69,27.5,4.94,287.95,1.04,1.05,0.19,1.38
2025-01-03 11:00:00,Station_3,29.05,78.05,5.66,5.5,21.75,26.8,391.6,4.91,1.8,1.94,1.44
2025-01-03 11:00:00,Station_4,29.075000000000003,78.07499999999999,5.52,5.29,25.46,20.31,438.65,3.39,3.49,1.58,1.47
2025-01-03 11:00:00,Station_5,29.1,78.1,5.83,6.01,25.36,21.57,420.19,5.18,2.98,1.57,1.47
2025-01-03 12:00:00,Station_1,29.0,78.0,7.04,8.31,23.43,12.71,304.6,2.08,1.0,0.71,1.43
2025-01-03 12:00:00,Station_2,29.025,78.025,7.18,8.45,28.06,8.72,295.12,2.45,0.25,0.28,1.63
2025-01-03 12:00:00,Station_3,29.05,78.05,7.18,8.72,26.3,8.97,272.8,2.45,0.52,0.25,1.45
2025-01-03 12:00:00,Station_4,29.075000000000003,78.07499999999999,7.29,8.49,24.93,10.17,292.96,1.56,0.97,0.29,1.51
2025-01-03 12:00:00,Station_5,29.1,78.1,7.25,8.02,29.11,11.73,287.89,1.19,0.73,0.27,1.45
2025-01-03 13:00:00,Station_1,29.0,78.0,7.11,7.49,27.87,9.42,314.13,1.69,0.51,0.77,1.44
2025-01-03 13:00:00,Station_2,29.025,78.025,7.41,8.68,24.85,10.29,264.11,2.54,1.21,0.32,1.47
2025-01-03 13:00:00,Station_3,29.05,78.05,6.97,8.42,27.37,10.23,291.14,2.52,0.87,0.74,1.42
2025-01-03 13:00:00,Station_4,29.075000000000003,78.07499999999999,7.39,7.73,24.17,12.86,322.19,1.14,0.88,0.49,1.54
2025-01-03 13:00:00,Station_5,29.1,78.1,7.61,9.15,27.31,13.77,286.29,2.63,0.8,0.28,1.57
2025-01-03 14:00:00,Station_1,29.0,78.0,7.05,7.3,29.04,13.4,293.05,1.26,0.97,0.82,1.47
2025-01-03 14:00:00,Station_2,29.025,78.025,7.32,7.55,23.4,10.91,281.88,1.57,0.45,0.41,1.49
2025-01-03 14:00:00,Station_3,29.05,78.05,7.21,8.29,24.37,7.54,314.68,2.45,1.04,0.56,1.42
2025-01-03 14:00:00,Station_4,29.075000000000003,78.07499999999999,7.15,7.7,25.51,10.98,280.29,1.54,1.29,0.27,1.48
2025-01-03 14:00:00,Station_5,29.1,78.1,7.28,8.53,23.75,9.85,310.43,2.52,0.21,0.64,1.44
2025-01-03 15:00:00,Station_1,29.0,78.0,7.4,8.1,24.15,8.66,278.52,1.97,1.52,0.67,1.5
2025-01-03 15:00:00,Station_2,29.025,78.025,7.17,7.77,25.37,10.08,248.34,2.65,0.45,0.39,1.48
2025-01-03 15:00:00,Station_3,29.05,78.05,7.37,8.46,23.65,10.1,333.96,1.4,0.68,0.2,1.49
2025-01-03 15:00:00,Station_4,29.075000000000003,78.07499999999999,7.34,8.63,26.8,10.01,309.34,2.12,1.06,0.05,1.57
2025-01-03 15:00:00,Station_5,29.1,78.1,7.18,7.66,27.22,13.13,323.51,1.97,1.13,0.65,1.44
2025-01-03 16:00:00,Station_1,29.0,78.0,7.23,7.47,27.79,10.33,315.02,1.09,0.58,0.5,1.65
2025-01-03 16:00:00,Station_2,29.025,78.025,7.3,7.9,27.29,8.41,300.49,1.29,1.09,0.72,1.69
2025-01-03 16:00:00,Station_3,29.05,78.05,7.29,7.67,25.05,8.03,297.3,2.04,1.28,0.25,1.52
2025-01-03 16:00:00,Station_4,29.075000000000003,78.07499999999999,6.92,7.69,23.16,12.05,281.66,1.99,0.8,0.45,1.44
2025-01-03 16:00:00,Station_5,29.1,78.1,7.11,7.36,22.67,7.47,287.87,2.19,1.01,0.3,1.5
2025-01-03 17:00:00,Station_1,29.0,78.0,7.33,7.77,25.2,9.14,312.73,2.07,0.73,0.84,1.45
2025-01-03 17:00:00,Station_2,29.025,78.025,6.8,8.33,25.31,13.6,331.47,2.42,0.49,0.54,1.56
2025-01-03 17:00:00,Station_3,29.05,78.05,6.94,7.59,21.1,9.65,292.43,2.28,1.25,0.29,1.32
2025-01-03 17:00:00,Station_4,29.075000000000003,78.07499999999999,7.35,7.72,26.77,6.98,328.36,1.83,0.88,0.53,1.57
2025-01-03 17:00:00,Station_5,29.1,78.1,7.21,8.18,28.4,10.09,276.7,2.33,0.61,0.2,1.54
2025-01-03 18:00:00,Station_1,29.0,78.0,7.18,6.91,21.77,13.51,320.8,0.91,0.5,0.62,1.51
2025-01-03 18:00:00,Station_2,29.025,78.025,7.19,8.49,24.12,8.12,268.99,2.07,0.9,0.84,1.45
2025-01-03 18:00:00,Station_3,29.05,78.05,7.23,8.83,27.76,10.78,294.49,1.85,0.79,0.54,1.33
2025-01-03 18:00:00,Station_4,29.075000000000003,78.07499999999999,7.01,7.21,22.66,9.85,321.15,2.24,0.67,0.5,1.49
2025-01-03 18:00:00,Station_5,29.1,78.1,7.46,8.12,26.69,5.69,295.03,1.61,0.93,0.57,1.36
2025-01-03 19:00:00,Station_1,29.0,78.0,7.06,7.61,23.57,12.43,301.17,1.71,1.36,0.28,1.55
2025-01-03 19:00:00,Station_2,29.025,78.025,7.42,8.52,25.44,9.68,287.46,2.43,0.58,0.68,1.5
2025-01-03 19:00:00,Station_3,29.05,78.05,6.82,8.01,26.38,7.35,295.22,1.52,0.83,0.17,1.59
2025-01-03 19:00:00,Station_4,29.075000000000003,78.07499999999999,7.22,6.57,21.93,10.11,257.69,2.13,1.08,0.71,1.54
2025-01-03 19:00:00,Station_5,29.1,78.1,7.36,7.76,24.96,11.24,278.56,1.75,1.21,0.4,1.53
2025-01-03 20:00:00,Station_1,29.0,78.0,7.05,7.99,25.79,10.34,292.83,2.22,0.92,0.35,1.63
2025-01-03 20:00:00,Station_2,29.025,78.025,6.8,7.69,24.17,6.93,309.63,1.91,0.77,0.39,1.53
2025-01-03 20:00:00,Station_3,29.05,78.05,7.14,8.61,20.88,12.44,299.08,2.49,0.56,0.49,1.62
2025-01-03 20:00:00,Station_4,29.075000000000003,78.07499999999999,7.56,7.81,26.4,9.72,315.75,1.18,1.13,0.69,1.58
2025-01-03 20:00:00,Station_5,29.1,78.1,7.51,8.47,24.35,12.09,282.33,1.89,0.54,0.35,1.57
2025-01-03 21:00:00,Station_1,29.0,78.0,7.29,7.84,24.3,11.9,315.48,2.09,0.95,0.74,1.41
2025-01-03 21:00:00,Station_2,29.025,78.025,6.83,8.23,22.73,10.35,332.37,2.47,0.63,0.25,1.43
2025-01-03 21:00:00,Station_3,29.05,78.05,7.1,7.41,25.04,9.19,285.58,1.87,0.82,0.28,1.52
2025-01-03 21:00:00,Station_4,29.075000000000003,78.07499999999999,7.66,7.42,27.82,10.56,289.63,1.9,1.09,0.36,1.58
2025-01-03 21:00:00,Station_5,29.1,78.1,7.16,7.71,26.79,8.21,277.55,2.16,1.22,0.49,1.4
2025-01-03 22:00:00,Station_1,29.0,78.0,7.07,7.84,22.79,8.92,311.93,1.49,0.99,0.75,1.42
2025-01-03 22:00:00,Station_2,29.025,78.025,7.46,7.28,28.3,12.3,315.69,2.49,0.79,0.35,1.36
2025-01-03 22:00:00,Station_3,29.05,78.05,4.59,4.37,22.4,22.27,440.08,6.23,3.07,1.81,1.38
2025-01-03 22:00:00,Station_4,29.075000000000003,78.07499999999999,6.83,7.84,25.17,7.83,322.14,2.42,1.27,-0.0,1.38
2025-01-03 22:00:00,Station_5,29.1,78.1,7.11,7.92,27.74,8.22,282.05,2.22,1.23,0.38,1.41
2025-01-03 23:00:00,Station_1,29.0,78.0,7.03,7.83,24.47,8.59,287.85,1.71,0.78,0.58,1.41
2025-01-03 23:00:00,Station_2,29.025,78.025,7.27,8.1,25.82,12.62,262.25,2.61,0.43,0.46,1.47
2025-01-03 23:00:00,Station_3,29.05,78.05,6.85,7.87,22.94,12.27,325.27,2.12,0.98,0.86,1.4
2025-01-03 23:00:00,Station_4,29.075000000000003,78.07499999999999,7.06,8.99,25.64,9.27,291.53,1.99,0.08,0.6,1.57
2025-01-03 23:00:00,Station_5,29.1,78.1,7.24,8.17,23.78,9.98,265.57,1.2,1.45,0.45,1.43
2025-01-04 00:00:00,Station_1,29.0,78.0,7.25,8.02,26.73,7.8,293.65,1.81,0.61,0.59,1.45
2025-01-04 00:00:00,Station_2,29.025,78.025,7.38,8.1,23.13,10.29,292.51,1.6,1.4,0.49,1.57
2025-01-04 00:00:00,Station_3,29.05,78.05,7.26,7.68,26.31,10.85,334.51,2.18,1.29,0.55,1.38
2025-01-04 00:00:00,Station_4,29.075000000000003,78.07499999999999,6.82,7.98,27.41,5.45,299.1,2.21,0.92,0.84,1.47
2025-01-04 00:00:00,Station_5,29.1,78.1,7.12,7.7,24.78,10.26,272.02,1.77,1.01,0.62,1.64
2025-01-04 01:00:00,Station_1,29.0,78.0,7.07,8.48,25.48,7.56,328.67,1.89,1.15,0.52,1.42
2025-01-04 01:00:00,Station_2,29.025,78.025,7.29,9.02,21.47,8.09,290.97,2.28,1.2,0.32,1.56
2025-01-04 01:00:00,Station_3,29.05,78.05,6.93,7.57,23.92,9.24,298.34,2.05,1.21,0.68,1.52
2025-01-04 01:00:00,Station_4,29.075000000000003,78.07499999999999,7.03,8.08,26.37,9.14,279.31,2.38,0.81,0.27,1.71
2025-01-04 01:00:00,Station_5,29.1,78.1,6.96,7.69,24.85,10.39,298.34,1.78,0.97,0.55,1.47
2025-01-04 02:00:00,Station_1,29.0,78.0,7.05,7.86,24.06,10.57,294.9,1.94,0.43,0.76,1.35
2025-01-04 02:00:00,Station_2,29.025,78.025,7.47,8.17,25.12,10.17,325.71,2.4,1.01,0.26,1.63
2025-01-04 02:00:00,Station_3,29.05,78.05,7.39,8.35,24.48,13.12,304.67,1.47,1.26,0.79,1.58
2025-01-04 02:00:00,Station_4,29.075000000000003,78.07499999999999,7.39,7.49,28.53,7.36,344.49,1.79,1.1,0.69,1.38
2025-01-04 02:00:00,Station_5,29.1,78.1,7.28,8.01,23.2,9.55,297.56,2.68,0.89,0.42,1.63
2025-01-04 03:00:00,Station_1,29.0,78.0,7.3,7.45,24.86,9.68,300.59,2.57,0.88,0.58,1.61
2025-01-04 03:00:00,Station_2,29.025,78.025,7.25,7.92,25.08,11.96,291.84,2.46,0.8,0.62,1.71
2025-01-04 03:00:00,Station_3,29.05,78.05,7.17,7.72,27.34,14.04,303.92,1.19,0.49,0.41,1.42
2025-01-04 03:00:00,Station_4,29.075000000000003,78.07499999999999,7.14,7.87,24.11,11.1,294.22,2.34,0.81,0.24,1.52
2025-01-04 03:00:00,Station_5,29.1,78.1,7.4,9.02,25.06,7.72,289.36,1.39,1.06,0.5,1.56
2025-01-04 04:00:00,Station_1,29.0,78.0,6.95,7.29,28.01,13.35,311.82,2.01,0.81,0.4,1.26
2025-01-04 04:00:00,Station_2,29.025,78.025,7.17,7.71,27.25,9.51,315.84,2.04,1.1,0.47,1.59
2025-01-04 04:00:00,Station_3,29.05,78.05,6.69,8.07,25.35,9.45,307.27,1.92,0.89,0.7,1.62
2025-01-04 04:00:00,Station_4,29.075000000000003,78.07499999999999,7.29,7.4,25.98,13.71,318.33,1.29,1.07,0.66,1.53
2025-01-04 04:00:00,Station_5,29.1,78.1,7.25,7.52,23.26,9.91,270.93,2.82,0.51,0.42,1.54
2025-01-04 05:00:00,Station_1,29.0,78.0,6.98,8.66,24.84,6.93,282.38,1.21,0.84,-0.08,1.65
2025-01-04 05:00:00,Station_2,29.025,78.025,7.22,7.99,25.29,11.72,324.13,1.42,0.55,0.39,1.51
2025-01-04 05:00:00,Station_3,29.05,78.05,6.68,8.17,25.5,10.47,310.49,1.67,1.69,0.5,1.33
2025-01-04 05:00:00,Station_4,29.075000000000003,78.07499999999999,7.11,8.1,26.49,8.86,278.43,1.63,1.0,0.17,1.38
2025-01-04 05:00:00,Station_5,29.1,78.1,6.98,8.24,25.31,9.25,287.34,1.79,0.42,0.2,1.63
2025-01-04 06:00:00,Station_1,29.0,78.0,7.36,7.12,23.22,9.62,287.91,1.62,1.0,0.43,1.58
2025-01-04 06:00:00,Station_2,29.025,78.025,7.28,8.1,22.76,9.78,331.76,2.37,1.1,0.64,1.46
2025-01-04 06:00:00,Station_3,29.05,78.05,7.57,7.08,28.17,11.76,290.46,2.28,1.2,0.16,1.3
2025-01-04 06:00:00,Station_4,29.075000000000003,78.07499999999999,7.23,7.33,24.74,12.3,293.31,2.6,1.32,0.72,1.61
2025-01-04 06:00:00,Station_5,29.1,78.1,7.38,7.05,27.14,9.34,329.61,1.27,0.95,0.18,1.32
2025-01-04 07:00:00,Station_1,29.0,78.0,7.05,7.75,24.62,6.63,343.26,1.74,0.53,0.16,1.56
2025-01-04 07:00:00,Station_2,29.025,78.025,7.6,7.47,24.15,7.53,322.58,2.12,0.42,0.29,1.44
2025-01-04 07:00:00,Station_3,29.05,78.05,7.18,7.67,25.16,11.0,273.16,2.18,0.7,0.78,1.27
2025-01-04 07:00:00,Station_4,29.075000000000003,78.07499999999999,7.17,9.04,21.94,6.59,260.51,1.16,0.26,0.37,1.42
2025-01-04 07:00:00,Station_5,29.1,78.1,6.81,8.93,27.52,9.21,303.52,2.27,0.59,0.51,1.64
2025-01-04 08:00:00,Station_1,29.0,78.0,6.95,7.85,27.65,12.57,335.74,1.28,0.62,0.57,1.33
2025-01-04 08:00:00,Station_2,29.025,78.025,7.2,8.36,26.0,10.9,314.24,1.11,1.26,0.56,1.46
2025-01-04 08:00:00,Station_3,29.05,78.05,7.38,7.29,25.13,10.48,288.48,2.02,0.75,0.43,1.6
2025-01-04 08:00:00,Station_4,29.075000000000003,78.07499999999999,7.13,8.18,24.17,9.47,283.48,2.47,1.25,0.54,1.54
2025-01-04 08:00:00,Station_5,29.1,78.1,7.02,8.04,25.3,4.57,254.34,1.86,0.79,0.72,1.49
2025-01-04 09:00:00,Station_1,29.0,78.0,7.43,7.94,28.12,9.54,316.96,1.96,0.77,0.57,1.55
2025-01-04 09:00:00,Station_2,29.025,78.025,7.14,8.34,19.34,12.99,327.91,2.57,1.12,0.16,1.63
2025-01-04 09:00:00,Station_3,29.05,78.05,7.2,7.31,21.83,6.74,292.05,1.92,0.56,0.68,1.5
2025-01-04 09:00:00,Station_4,29.075000000000003,78.07499999999999,7.04,8.04,22.83,12.73,286.35,2.34,1.14,0.35,1.61
2025-01-04 09:00:00,Station_5,29.1,78.1,6.92,8.11,24.27,9.59,260.57,1.99,1.15,0.2,1.28
2025-01-04 10:00:00,Station_1,29.0,78.0,7.48,8.77,24.85,12.59,262.49,2.09,0.33,0.57,1.49
2025-01-04 10:00:00,Station_2,29.025,78.025,7.25,7.72,30.42,7.32,333.21,2.15,0.97,0.54,1.4
2025-01-04 10:00:00,Station_3,29.05,78.05,7.45,8.29,28.59,11.62,290.38,1.99,1.21,0.52,1.64
2025-01-04 10:00:00,Station_4,29.075000000000003,78.07499999999999,7.01,8.6,26.69,7.39,278.6,0.96,0.59,0.54,1.6
2025-01-04 10:00:00,Station_5,29.1,78.1,7.14,7.97,24.9,7.56,273.36,2.26,1.44,0.95,1.46
2025-01-04 11:00:00,Station_1,29.0,78.0,7.38,8.42,25.36,8.0,319.89,1.85,1.22,0.66,1.57
2025-01-04 11:00:00,Station_2,29.025,78.025,7.16,7.13,26.03,7.51,338.55,2.08,1.64,0.44,1.54
2025-01-04 11:00:00,Station_3,29.05,78.05,7.14,8.06,27.95,6.42,287.51,2.2,1.05,0.47,1.43
2025-01-04 11:00:00,Station_4,29.075000000000003,78.07499999999999,7.35,7.44,25.2,9.6,339.11,1.99,1.06,0.19,1.62
2025-01-04 11:00:00,Station_5,29.1,78.1,7.34,8.3,27.88,10.01,293.27,2.29,1.03,0.36,1.46
2025-01-04 12:00:00,Station_1,29.0,78.0,7.17,8.13,21.95,10.88,288.34,2.53,0.74,0.3,1.48
2025-01-04 12:00:00,Station_2,29.025,78.025,7.51,8.12,24.05,6.82,314.22,2.04,1.02,0.57,1.57
2025-01-04 12:00:00,Station_3,29.05,78.05,7.02,8.07,27.77,10.69,312.96,2.12,0.84,0.54,1.46
2025-01-04 12:00:00,Station_4,29.075000000000003,78.07499999999999,7.21,8.65,24.95,7.55,337.36,1.96,1.65,0.61,1.34
2025-01-04 12:00:00,Station_5,29.1,78.1,7.11,7.87,23.44,9.41,294.94,1.96,1.11,0.21,1.5
2025-01-04 13:00:00,Station_1,29.0,78.0,7.61,8.07,27.72,7.18,315.58,2.57,0.86,0.43,1.52
2025-01-04 13:00:00,Station_2,29.025,78.025,7.45,8.05,22.02,7.66,286.98,2.6,1.11,0.64,1.6
2025-01-04 13:00:00,Station_3,29.05,78.05,7.1,8.32,22.36,10.04,296.41,2.13,0.91,0.58,1.57
2025-01-04 13:00:00,Station_4,29.075000000000003,78.07499999999999,7.23,7.99,25.87,8.27,291.89,2.78,1.01,0.7,1.39
2025-01-04 13:00:00,Station_5,29.1,78.1,6.79,7.68,23.0,7.82,292.74,2.05,1.28,0.4,1.57
2025-01-04 14:00:00,Station_1,29.0,78.0,7.27,6.97,25.1,9.83,290.65,1.7,1.12,0.42,1.35
2025-01-04 14:00:00,Station_2,29.025,78.025,7.08,7.73,25.87,10.12,300.81,2.37,0.81,0.12,1.39
2025-01-04 14:00:00,Station_3,29.05,78.05,7.31,7.56,26.57,11.48,306.1,1.83,1.01,0.59,1.67
2025-01-04 14:00:00,Station_4,29.075000000000003,78.07499999999999,6.7,7.85,27.04,9.79,307.04,2.09,1.05,0.61,1.37
2025-01-04 14:00:00,Station_5,29.1,78.1,7.12,8.06,30.38,12.24,295.66,1.6,1.32,0.67,1.66
2025-01-04 15:00:00,Station_1,29.0,78.0,7.3,8.62,26.74,10.4,283.19,2.86,0.69,0.4,1.54
2025-01-04 15:00:00,Station_2,29.025,78.025,7.18,7.56,25.3,13.1,305.5,1.97,1.11,0.38,1.45
2025-01-04 15:00:00,Station_3,29.05,78.05,7.28,8.29,25.83,13.0,297.21,1.46,1.23,0.78,1.61
2025-01-04 15:00:00,Station_4,29.075000000000003,78.07499999999999,7.03,7.72,22.24,9.86,300.03,1.94,1.17,0.54,1.48
2025-01-04 15:00:00,Station_5,29.1,78.1,7.2,7.64,26.8,10.59,298.58,1.18,1.14,0.74,1.51
2025-01-04 16:00:00,Station_1,29.0,78.0,7.08,8.0,22.18,9.04,328.83,1.48,0.65,0.73,1.6
2025-01-04 16:00:00,Station_2,29.025,78.025,7.03,7.38,29.15,9.59,262.15,1.45,0.77,0.28,1.39
2025-01-04 16:00:00,Station_3,29.05,78.05,7.44,7.61,26.97,7.29,309.35,2.34,1.01,0.23,1.35
2025-01-04 16:00:00,Station_4,29.075000000000003,78.07499999999999,6.98,8.39,28.13,10.81,257.17,2.01,1.35,0.48,1.49
2025-01-04 16:00:00,Station_5,29.1,78.1,7.14,8.88,26.94,11.77,306.48,2.31,0.56,0.62,1.53
2025-01-04 17:00:00,Station_1,29.0,78.0,6.76,8.46,31.01,7.36,298.2,2.32,1.06,0.81,1.47
2025-01-04 17:00:00,Station_2,29.025,78.025,7.09,8.37,24.65,7.96,291.29,2.27,1.16,0.43,1.41
2025-01-04 17:00:00,Station_3,29.05,78.05,6.94,8.22,26.85,12.39,335.71,2.17,1.26,0.36,1.48
2025-01-04 17:00:00,Station_4,29.075000000000003,78.07499999999999,7.28,8.56,23.88,13.38,328.82,2.23,0.75,0.55,1.54
2025-01-04 17:00:00,Station_5,29.1,78.1,7.23,8.38,28.31,10.11,317.99,2.01,0.92,0.45,1.54
2025-01-04 18:00:00,Station_1,29.0,78.0,7.22,8.2,29.65,9.16,327.9,1.61,1.31,0.65,1.54
2025-01-04 18:00:00,Station_2,29.025,78.025,7.14,7.97,27.14,10.8,239.05,2.25,0.59,0.4,1.49
2025-01-04 18:00:00,Station_3,29.05,78.05,7.22,8.0,24.78,10.04,299.12,2.31,1.06,0.5,1.56
2025-01-04 18:00:00,Station_4,29.075000000000003,78.07499999999999,7.36,7.9,26.01,8.04,270.98,2.5,1.45,0.41,1.35
2025-01-04 18:00:00,Station_5,29.1,78.1,7.08,8.33,25.57,11.29,298.28,1.83,1.32,0.51,1.43
2025-01-04 19:00:00,Station_1,29.0,78.0,6.88,8.08,29.11,9.11,294.14,0.47,1.06,0.6,1.66
2025-01-04 19:00:00,Station_2,29.025,78.025,7.1,6.62,26.0,11.16,313.21,2.43,0.77,0.43,1.69
2025-01-04 19:00:00,Station_3,29.05,78.05,7.06,8.79,21.24,10.63,298.27,1.9,1.19,0.41,1.47
2025-01-04 19:00:00,Station_4,29.075000000000003,78.07499999999999,7.74,8.39,23.09,12.46,298.23,1.47,1.0,0.12,1.54
2025-01-04 19:00:00,Station_5,29.1,78.1,7.35,7.82,25.76,12.73,267.61,2.54,0.92,0.51,1.34
2025-01-04 20:00:00,Station_1,29.0,78.0,6.86,7.14,25.28,9.33,317.95,1.04,0.96,0.37,1.45
2025-01-04 20:00:00,Station_2,29.025,78.025,7.03,7.08,24.67,9.77,287.93,2.54,0.72,0.28,1.44
2025-01-04 20:00:00,Station_3,29.05,78.05,7.38,7.91,24.82,9.35,281.47,2.02,0.88,0.48,1.59
2025-01-04 20:00:00,Station_4,29.075000000000003,78.07499999999999,7.27,8.51,28.16,11.57,304.36,2.03,0.7,0.68,1.47
2025-01-04 20:00:00,Station_5,29.1,78.1,7.25,8.45,22.16,11.04,301.98,2.14,1.35,0.63,1.61
2025-01-04 21:00:00,Station_1,29.0,78.0,7.14,8.17,24.74,12.19,283.35,2.18,1.22,0.35,1.78
2025-01-04 21:00:00,Station_2,29.025,78.025,7.45,8.93,26.61,9.16,322.73,2.28,1.55,0.36,1.53
2025-01-04 21:00:00,Station_3,29.05,78.05,7.34,8.11,24.53,11.72,320.28,3.15,1.28,0.37,1.43
2025-01-04 21:00:00,Station_4,29.075000000000003,78.07499999999999,7.26,7.74,27.13,6.3,280.14,2.41,1.05,0.56,1.35
2025-01-04 21:00:00,Station_5,29.1,78.1,7.03,8.13,21.04,7.4,295.28,2.93,1.23,0.68,1.43
2025-01-04 22:00:00,Station_1,29.0,78.0,7.19,7.95,26.08,8.38,283.39,1.53,0.89,0.55,1.48
2025-01-04 22:00:00,Station_2,29.025,78.025,7.02,8.9,30.14,9.44,265.74,1.58,1.18,0.5,1.54
2025-01-04 22:00:00,Station_3,29.05,78.05,7.39,8.44,25.07,8.98,297.64,2.37,0.56,1.0,1.41
2025-01-04 22:00:00,Station_4,29.075000000000003,78.07499999999999,7.14,8.19,25.02,10.02,310.52,1.94,0.63,0.81,1.78
2025-01-04 22:00:00,Station_5,29.1,78.1,7.07,8.0,24.04,8.91,298.28,2.26,1.61,0.2,1.6
2025-01-04 23:00:00,Station_1,29.0,78.0,7.35,7.7,24.95,12.97,259.96,1.63,1.24,0.4,1.43
2025-01-04 23:00:00,Station_2,29.025,78.025,7.49,6.45,21.56,8.33,280.64,2.44,0.85,0.45,1.62
2025-01-04 23:00:00,Station_3,29.05,78.05,5.48,6.41,24.4,19.93,404.97,4.75,2.09,2.3,1.51
2025-01-04 23:00:00,Station_4,29.075000000000003,78.07499999999999,5.45,6.4,25.61,20.72,418.1,3.86,3.11,2.1,1.74
2025-01-04 23:00:00,Station_5,29.1,78.1,5.55,5.57,27.95,19.73,364.37,4.67,3.69,2.62,1.48
2025-01-05 00:00:00,Station_1,29.0,78.0,6.87,7.97,27.88,11.44,256.44,2.16,0.48,0.42,1.39
2025-01-05 00:00:00,Station_2,29.025,78.025,7.37,7.52,23.67,14.49,269.87,1.44,0.87,0.23,1.59
2025-01-05 00:00:00,Station_3,29.05,78.05,5.87,4.6,26.79,18.86,415.41,4.33,2.47,2.27,1.53
2025-01-05 00:00:00,Station_4,29.075000000000003,78.07499999999999,5.67,4.97,26.36,21.91,428.4,4.32,2.83,2.03,1.36
2025-01-05 00:00:00,Station_5,29.1,78.1,5.89,5.3,26.88,22.6,401.72,4.66,3.18,1.44,1.55
2025-01-05 01:00:00,Station_1,29.0,78.0,7.31,7.86,29.17,12.99,318.78,2.49,1.73,0.64,1.54
2025-01-05 01:00:00,Station_2,29.025,78.025,7.31,7.22,25.44,8.41,313.35,2.15,1.34,0.38,1.41
2025-01-05 01:00:00,Station_3,29.05,78.05,6.04,5.87,23.93,22.43,435.6,6.05,2.67,2.48,1.44
2025-01-05 01:00:00,Station_4,29.075000000000003,78.07499999999999,5.63,5.76,24.9,16.29,415.68,4.63,3.29,1.72,1.52
2025-01-05 01:00:00,Station_5,29.1,78.1,5.75,6.0,25.11,19.13,405.33,6.25,2.58,1.69,1.5
2025-01-05 02:00:00,Station_1,29.0,78.0,7.43,8.59,23.63,9.67,262.62,2.49,0.49,0.51,1.39
2025-01-05 02:00:00,Station_2,29.025,78.025,7.05,7.9,24.28,9.2,293.99,1.7,0.9,0.43,1.55
2025-01-05 02:00:00,Station_3,29.05,78.05,5.35,5.77,27.06,23.39,487.93,3.98,3.12,1.62,1.51
2025-01-05 02:00:00,Station_4,29.075000000000003,78.07499999999999,5.71,6.2,26.52,22.09,382.55,5.54,3.33,2.52,1.42
2025-01-05 02:00:00,Station_5,29.1,78.1,5.51,5.94,22.92,22.76,359.89,4.0,2.51,1.73,1.6
2025-01-05 03:00:00,Station_1,29.0,78.0,7.15,8.28,29.55,9.9,298.09,1.96,1.01,0.79,1.53
2025-01-05 03:00:00,Station_2,29.025,78.025,7.21,7.83,24.0,7.36,267.54,1.45,0.63,0.54,1.63
2025-01-05 03:00:00,Station_3,29.05,78.05,5.66,5.6,27.62,21.06,371.64,5.54,2.93,1.32,1.43
2025-01-05 03:00:00,Station_4,29.075000000000003,78.07499999999999,5.85,6.62,28.21,19.76,370.92,5.07,3.95,2.33,1.29
2025-01-05 03:00:00,Station_5,29.1,78.1,5.62,4.3,25.11,17.82,443.2,4.84,2.61,1.53,1.49
2025-01-05 04:00:00,Station_1,29.0,78.0,7.38,7.96,27.43,11.86,290.97,1.66,0.93,0.23,1.34
2025-01-05 04:00:00,Station_2,29.025,78.025,7.28,7.47,24.61,10.64,304.45,1.11,0.98,0.63,1.48
2025-01-05 04:00:00,Station_3,29.05,78.05,7.13,7.19,22.64,7.94,275.58,2.58,0.49,0.2,1.54
2025-01-05 04:00:00,Station_4,29.075000000000003,78.07499999999999,7.39,8.75,24.22,8.9,327.41,1.57,0.77,0.62,1.54
2025-01-05 04:00:00,Station_5,29.1,78.1,7.53,8.43,22.4,10.0,348.02,2.41,0.94,0.43,1.61
2025-01-05 05:00:00,Station_1,29.0,78.0,7.21,7.75,25.74,10.24,292.46,2.33,1.0,0.22,1.53
2025-01-05 05:00:00,Station_2,29.025,78.025,7.09,7.96,23.65,11.99,294.94,1.63,0.66,0.77,1.51
2025-01-05 05:00:00,Station_3,29.05,78.05,7.11,9.19,20.99,10.82,289.04,2.09,0.61,0.57,1.46
2025-01-05 05:00:00,Station_4,29.075000000000003,78.07499999999999,7.2,8.48,27.67,10.61,310.14,1.55,0.72,0.66,1.43
2025-01-05 05:00:00,Station_5,29.1,78.1,7.37,7.61,24.94,11.79,326.4,2.28,0.82,0.62,1.38
2025-01-05 06:00:00,Station_1,29.0,78.0,6.96,6.83,26.64,7.52,293.99,2.72,1.21,0.84,1.49
2025-01-05 06:00:00,Station_2,29.025,78.025,7.09,8.32,25.22,10.66,331.79,2.28,0.66,0.55,1.44
2025-01-05 06:00:00,Station_3,29.05,78.05,7.21,8.46,25.75,8.88,328.91,2.04,1.0,0.74,1.64
2025-01-05 06:00:00,Station_4,29.075000000000003,78.07499999999999,7.13,8.2,24.33,10.06,289.94,1.96,1.04,0.4,1.5
2025-01-05 06:00:00,Station_5,29.1,78.1,7.34,7.51,24.39,12.39,319.59,2.57,1.54,0.26,1.5
2025-01-05 07:00:00,Station_1,29.0,78.0,7.54,7.9,28.56,10.79,297.93,1.64,1.03,0.5,1.55
2025-01-05 07:00:00,Station_2,29.025,78.025,7.25,8.65,25.31,8.79,262.98,1.77,0.97,0.38,1.42
2025-01-05 07:00:00,Station_3,29.05,78.05,7.25,7.96,24.77,12.26,303.87,1.86,0.99,0.56,1.53
2025-01-05 07:00:00,Station_4,29.075000000000003,78.07499999999999,6.95,7.71,26.0,10.58,287.85,2.36,0.86,0.27,1.43
2025-01-05 07:00:00,Station_5,29.1,78.1,6.96,7.89,23.34,9.78,305.11,2.38,0.64,0.74,1.49
2025-01-05 08:00:00,Station_1,29.0,78.0,7.34,8.7,23.21,14.35,278.8,1.53,1.29,0.55,1.55
2025-01-05 08:00:00,Station_2,29.025,78.025,6.93,7.31,23.88,10.18,259.25,4.26,0.92,0.59,1.51
2025-01-05 08:00:00,Station_3,29.05,78.05,7.03,8.95,26.65,12.21,313.1,2.66,1.26,0.78,1.54
2025-01-05 08:00:00,Station_4,29.075000000000003,78.07499999999999,7.34,7.97,25.41,11.09,276.14,1.52,1.31,0.23,1.58
2025-01-05 08:00:00,Station_5,29.1,78.1,7.05,8.31,25.44,7.48,305.26,1.86,1.37,0.1,1.46
2025-01-05 09:00:00,Station_1,29.0,78.0,7.18,8.12,21.51,9.06,307.76,2.77,1.1,0.17,1.55
2025-01-05 09:00:00,Station_2,29.025,78.025,7.11,8.25,26.81,10.23,315.9,1.9,1.58,0.37,1.5
2025-01-05 09:00:00,Station_3,29.05,78.05,7.18,8.59,23.53,9.87,297.96,2.11,0.82,0.34,1.4
2025-01-05 09:00:00,Station_4,29.075000000000003,78.07499999999999,7.08,7.84,24.2,9.03,312.2,2.11,1.19,0.53,1.33
2025-01-05 09:00:00,Station_5,29.1,78.1,7.05,7.59,23.81,8.94,308.85,1.82,1.29,0.04,1.43
2025-01-05 10:00:00,Station_1,29.0,78.0,6.91,8.85,23.4,11.9,310.52,2.07,1.43,0.56,1.5
2025-01-05 10:00:00,Station_2,29.025,78.025,7.15,7.52,29.47,8.18,289.51,1.45,1.34,0.44,1.42
2025-01-05 10:00:00,Station_3,29.05,78.05,7.02,7.9,27.05,12.03,300.1,1.88,1.62,0.51,1.5
2025-01-05 10:00:00,Station_4,29.075000000000003,78.07499999999999,7.81,7.68,25.98,10.83,319.7,2.19,0.89,0.22,1.35
2025-01-05 10:00:00,Station_5,29.1,78.1,7.25,7.87,27.59,12.05,289.23,1.73,1.17,0.35,1.34
2025-01-05 11:00:00,Station_1,29.0,78.0,7.28,7.4,25.58,8.73,277.86,2.21,0.72,0.43,1.45
2025-01-05 11:00:00,Station_2,29.025,78.025,7.57,7.8,26.38,10.48,295.04,1.5,1.42,0.58,1.53
2025-01-05 11:00:00,Station_3,29.05,78.05,7.29,7.19,24.09,9.72,287.59,1.67,0.73,0.32,1.34
2025-01-05 11:00:00,Station_4,29.075000000000003,78.07499999999999,6.95,7.86,21.31,8.53,321.72,2.0,1.05,0.34,1.62
2025-01-05 11:00:00,Station_5,29.1,78.1,7.24,8.85,25.59,8.76,286.28,2.36,0.99,0.6,1.56
2025-01-05 12:00:00,Station_1,29.0,78.0,7.05,7.63,26.4,9.69,319.19,2.34,1.13,0.26,1.66
2025-01-05 12:00:00,Station_2,29.025,78.025,7.08,9.04,24.92,6.68,336.58,1.29,1.05,0.64,1.57
2025-01-05 12:00:00,Station_3,29.05,78.05,7.2,7.66,25.43,8.19,313.27,1.91,1.0,0.25,1.54
2025-01-05 12:00:00,Station_4,29.075000000000003,78.07499999999999,7.22,8.27,23.47,12.6,331.83,2.16,0.96,0.43,1.44
2025-01-05 12:00:00,Station_5,29.1,78.1,7.09,7.54,27.7,11.42,336.77,1.4,0.95,0.41,1.56
2025-01-05 13:00:00,Station_1,29.0,78.0,7.52,7.89,25.53,11.93,303.68,1.74,1.22,0.69,1.48
2025-01-05 13:00:00,Station_2,29.025,78.025,7.4,8.38,25.78,7.18,318.18,2.03,1.07,0.43,1.43
2025-01-05 13:00:00,Station_3,29.05,78.05,7.26,6.88,26.37,10.73,271.82,2.61,0.8,0.14,1.58
2025-01-05 13:00:00,Station_4,29.075000000000003,78.07499999999999,7.14,7.85,23.49,10.37,268.4,1.45,0.7,0.33,1.56
2025-01-05 13:00:00,Station_5,29.1,78.1,7.16,7.98,23.84,15.47,300.73,1.28,0.99,0.43,1.52
2025-01-05 14:00:00,Station_1,29.0,78.0,7.37,8.21,20.88,10.68,252.7,2.27,1.3,0.78,1.5
2025-01-05 14:00:00,Station_2,29.025,78.025,7.37,7.86,23.24,11.68,321.26,2.01,0.73,0.06,1.47
2025-01-05 14:00:00,Station_3,29.05,78.05,7.29,8.19,24.81,11.85,261.22,2.15,0.76,0.45,1.47
2025-01-05 14:00:00,Station_4,29.075000000000003,78.07499999999999,7.41,8.16,25.61,10.09,296.94,2.71,0.81,0.46,1.58
2025-01-05 14:00:00,Station_5,29.1,78.1,7.08,7.7,25.65,12.33,346.51,2.08,1.4,0.29,1.54
2025-01-05 15:00:00,Station_1,29.0,78.0,6.63,8.63,23.95,10.17,327.17,1.7,1.17,0.23,1.46
2025-01-05 15:00:00,Station_2,29.025,78.025,7.35,8.07,26.29,10.39,318.96,1.64,1.27,0.68,1.36
2025-01-05 15:00:00,Station_3,29.05,78.05,7.32,8.34,26.81,11.82,269.0,1.87,0.62,0.36,1.45
2025-01-05 15:00:00,Station_4,29.075000000000003,78.07499999999999,7.07,7.84,22.51,11.0,282.71,1.85,1.06,0.38,1.35
2025-01-05 15:00:00,Station_5,29.1,78.1,7.02,8.12,23.57,10.09,290.86,2.58,0.45,0.38,1.41
2025-01-05 16:00:00,Station_1,29.0,78.0,7.14,6.9,22.16,12.84,298.62,2.03,0.9,0.29,1.37
2025-01-05 16:00:00,Station_2,29.025,78.025,7.52,7.89,25.31,8.5,254.11,2.17,0.34,0.36,1.53
2025-01-05 16:00:00,Station_3,29.05,78.05,7.12,8.36,21.35,9.28,286.66,1.16,0.98,0.24,1.53
2025-01-05 16:00:00,Station_4,29.075000000000003,78.07499999999999,7.45,8.02,28.25,12.24,261.0,2.0,1.36,0.58,1.48
2025-01-05 16:00:00,Station_5,29.1,78.1,7.17,8.36,24.26,12.03,271.93,1.66,1.46,0.6,1.59
2025-01-05 17:00:00,Station_1,29.0,78.0,6.98,8.22,26.65,10.43,270.06,1.12,1.02,0.41,1.51
2025-01-05 17:00:00,Station_2,29.025,78.025,7.05,8.36,24.02,6.94,313.43,2.13,0.91,0.01,1.54
2025-01-05 17:00:00,Station_3,29.05,78.05,6.7,8.15,28.83,9.03,298.93,1.46,0.85,0.33,1.63
2025-01-05 17:00:00,Station_4,29.075000000000003,78.07499999999999,7.32,7.88,21.03,10.29,312.24,1.47,1.47,0.72,1.46
2025-01-05 17:00:00,Station_5,29.1,78.1,7.14,7.97,23.1,7.33,272.27,1.45,0.62,0.25,1.57
2025-01-05 18:00:00,Station_1,29.0,78.0,7.01,8.17,24.54,9.69,277.44,2.41,0.34,0.2,1.52
2025-01-05 18:00:00,Station_2,29.025,78.025,7.35,8.98,24.92,8.26,293.3,2.2,0.87,0.48,1.48
2025-01-05 18:00:00,Station_3,29.05,78.05,7.24,8.68,25.84,10.57,290.04,2.26,0.61,0.51,1.52
2025-01-05 18:00:00,Station_4,29.075000000000003,78.07499999999999,6.99,8.62,23.68,9.26,305.79,1.47,0.77,0.41,1.53
2025-01-05 18:00:00,Station_5,29.1,78.1,7.21,7.35,26.18,9.78,287.94,2.43,0.84,0.32,1.56
2025-01-05 19:00:00,Station_1,29.0,78.0,7.45,8.27,21.4,8.62,306.68,1.88,0.54,0.64,1.55
2025-01-05 19:00:00,Station_2,29.025,78.025,6.9,7.73,26.19,9.91,253.1,2.16,0.98,0.59,1.53
2025-01-05 19:00:00,Station_3,29.05,78.05,6.95,8.19,23.67,9.63,296.33,1.43,1.61,0.64,1.34
2025-01-05 19:00:00,Station_4,29.075000000000003,78.07499999999999,7.56,8.31,25.46,11.39,284.02,2.03,1.52,0.6,1.41
2025-01-05 19:00:00,Station_5,29.1,78.1,7.07,7.63,23.41,7.09,318.66,2.07,1.44,0.56,1.55
2025-01-05 20:00:00,Station_1,29.0,78.0,7.16,7.79,25.02,13.07,343.37,2.51,0.68,0.6,1.56
2025-01-05 20:00:00,Station_2,29.025,78.025,7.28,8.11,23.36,10.18,288.71,2.59,0.5,0.45,1.42
2025-01-05 20:00:00,Station_3,29.05,78.05,7.0,7.27,25.5,9.79,282.2,2.05,1.03,0.85,1.52
2025-01-05 20:00:00,Station_4,29.075000000000003,78.07499999999999,7.36,8.5,24.93,9.22,296.49,1.95,1.0,0.6,1.74
2025-01-05 20:00:00,Station_5,29.1,78.1,7.08,7.68,22.43,9.96,275.41,3.07,1.09,0.13,1.36
2025-01-05 21:00:00,Station_1,29.0,78.0,7.04,7.92,27.51,6.7,272.88,1.42,1.25,0.35,1.6
2025-01-05 21:00:00,Station_2,29.025,78.025,7.25,8.11,23.62,13.21,312.05,2.29,1.04,0.58,1.53
2025-01-05 21:00:00,Station_3,29.05,78.05,7.16,8.03,27.51,10.63,336.45,1.95,0.97,0.95,1.52
2025-01-05 21:00:00,Station_4,29.075000000000003,78.07499999999999,7.25,8.0,25.73,9.83,302.49,2.23,0.93,0.48,1.42
2025-01-05 21:00:00,Station_5,29.1,78.1,7.01,8.75,24.39,7.62,311.01,2.04,1.74,0.5,1.61
2025-01-05 22:00:00,Station_1,29.0,78.0,7.08,8.39,22.66,9.11,298.85,1.94,0.69,0.68,1.62
2025-01-05 22:00:00,Station_2,29.025,78.025,7.25,7.48,26.37,9.45,318.29,2.61,1.02,0.35,1.64
2025-01-05 22:00:00,Station_3,29.05,78.05,6.99,7.96,21.78,9.0,319.49,1.54,0.78,0.2,1.42
2025-01-05 22:00:00,Station_4,29.075000000000003,78.07499999999999,7.44,7.38,23.14,8.29,311.32,2.56,0.64,0.17,1.59
2025-01-05 22:00:00,Station_5,29.1,78.1,7.41,7.61,25.59,10.31,294.28,2.06,1.01,0.89,1.55
2025-01-05 23:00:00,Station_1,29.0,78.0,7.39,8.18,26.58,8.41,316.56,1.86,1.65,0.48,1.34
2025-01-05 23:00:00,Station_2,29.025,78.025,7.34,8.12,22.06,9.91,300.07,2.22,1.35,0.13,1.32
2025-01-05 23:00:00,Station_3,29.05,78.05,7.23,8.33,25.01,13.41,319.89,1.62,0.73,0.61,1.36
2025-01-05 23:00:00,Station_4,29.075000000000003,78.07499999999999,7.22,9.02,25.01,12.14,286.94,1.61,1.31,0.97,1.48
2025-01-05 23:00:00,Station_5,29.1,78.1,7.41,7.71,22.66,9.77,317.5,1.7,1.38,0.22,1.34
2025-01-06 00:00:00,Station_1,29.0,78.0,7.22,8.33,25.13,8.59,292.63,1.88,1.29,0.26,1.44
2025-01-06 00:00:00,Station_2,29.025,78.025,7.3,8.8,22.88,10.84,329.91,1.62,1.33,0.29,1.54
2025-01-06 00:00:00,Station_3,29.05,78.05,6.88,7.87,25.95,11.35,258.79,2.01,1.09,0.63,1.52
2025-01-06 00:00:00,Station_4,29.075000000000003,78.07499999999999,7.57,8.03,25.07,8.41,290.03,0.61,0.96,0.62,1.54
2025-01-06 00:00:00,Station_5,29.1,78.1,7.24,8.78,24.9,9.95,300.69,1.94,0.75,0.4,1.41
2025-01-06 01:00:00,Station_1,29.0,78.0,7.42,7.88,21.79,7.05,303.77,1.62,0.61,0.42,1.59
2025-01-06 01:00:00,Station_2,29.025,78.025,7.18,7.93,23.05,8.06,272.4,2.64,1.0,0.72,1.55
2025-01-06 01:00:00,Station_3,29.05,78.05,7.17,8.75,28.35,6.89,302.72,2.25,1.73,0.99,1.45
2025-01-06 01:00:00,Station_4,29.075000000000003,78.07499999999999,7.31,7.9,25.41,14.15,314.44,1.42,1.28,1.01,1.38
2025-01-06 01:00:00,Station_5,29.1,78.1,7.39,8.68,24.68,12.15,302.86,1.66,1.52,0.63,1.52
2025-01-06 02:00:00,Station_1,29.0,78.0,7.5,8.26,27.81,6.2,336.42,1.72,0.93,0.08,1.51
2025-01-06 02:00:00,Station_2,29.025,78.025,7.52,8.27,26.32,10.98,301.45,1.74,1.66,0.87,1.47
2025-01-06 02:00:00,Station_3,29.05,78.05,7.0,7.87,23.68,6.23,291.23,1.92,1.11,0.54,1.53
2025-01-06 02:00:00,Station_4,29.075000000000003,78.07499999999999,7.03,7.1,23.12,12.68,291.97,2.23,1.56,0.64,1.52
2025-01-06 02:00:00,Station_5,29.1,78.1,7.0,7.71,25.82,8.64,308.02,1.67,1.03,0.52,1.8
2025-01-06 03:00:00,Station_1,29.0,78.0,7.07,7.15,24.61,8.76,331.28,1.89,0.84,0.31,1.46
2025-01-06 03:00:00,Station_2,29.025,78.025,7.02,7.83,23.0,8.7,300.33,2.05,1.06,0.33,1.43
2025-01-06 03:00:00,Station_3,29.05,78.05,7.29,8.51,23.03,11.63,286.27,2.16,0.58,0.65,1.5
2025-01-06 03:00:00,Station_4,29.075000000000003,78.07499999999999,6.89,8.06,23.76,7.51,302.81,1.26,0.72,0.77,1.34
2025-01-06 03:00:00,Station_5,29.1,78.1,7.12,8.71,27.35,9.5,299.52,2.4,0.82,0.63,1.47
2025-01-06 04:00:00,Station_1,29.0,78.0,7.3,8.65,24.55,5.99,312.73,1.55,0.47,0.53,1.63
2025-01-06 04:00:00,Station_2,29.025,78.025,6.7,7.93,27.44,12.93,287.43,1.53,0.78,0.73,1.52
2025-01-06 04:00:00,Station_3,29.05,78.05,7.46,8.21,24.98,10.6,322.66,1.84,0.96,0.52,1.45
2025-01-06 04:00:00,Station_4,29.075000000000003,78.07499999999999,7.06,8.11,25.16,13.51,307.89,1.59,0.73,0.33,1.64
2025-01-06 04:00:00,Station_5,29.1,78.1,7.22,8.25,23.84,10.54,331.77,2.97,1.21,0.35,1.47
2025-01-06 05:00:00,Station_1,29.0,78.0,7.15,7.26,25.09,8.66,312.72,1.85,0.5,0.33,1.39
2025-01-06 05:00:00,Station_2,29.025,78.025,6.97,8.71,24.36,8.89,311.35,2.51,0.87,0.03,1.56
2025-01-06 05:00:00,Station_3,29.05,78.05,7.32,8.08,25.45,12.83,311.06,2.19,0.8,0.7,1.48
2025-01-06 05:00:00,Station_4,29.075000000000003,78.07499999999999,6.91,6.73,24.31,9.67,339.38,2.61,1.42,0.52,1.65
2025-01-06 05:00:00,Station_5,29.1,78.1,7.06,8.28,24.1,11.88,276.33,1.19,1.28,0.34,1.71
2025-01-06 06:00:00,Station_1,29.0,78.0,7.18,8.23,27.1,10.21,304.86,1.84,1.27,0.48,1.49
2025-01-06 06:00:00,Station_2,29.025,78.025,6.83,8.26,25.4,7.4,354.28,1.57,0.73,0.46,1.45
2025-01-06 06:00:00,Station_3,29.05,78.05,7.09,7.05,24.72,11.98,304.82,1.78,1.23,0.45,1.38
2025-01-06 06:00:00,Station_4,29.075000000000003,78.07499999999999,7.06,7.33,27.41,10.43,294.97,2.65,0.95,0.29,1.25
2025-01-06 06:00:00,Station_5,29.1,78.1,6.83,7.92,25.74,9.69,339.72,1.65,0.78,0.55,1.54
2025-01-06 07:00:00,Station_1,29.0,78.0,7.53,7.91,26.92,10.57,293.69,1.42,1.29,0.51,1.59
2025-01-06 07:00:00,Station_2,29.025,78.025,7.1,8.38,24.03,9.44,297.33,0.77,0.89,0.56,1.4
2025-01-06 07:00:00,Station_3,29.05,78.05,7.4,7.79,21.92,10.48,314.67,2.12,0.65,0.51,1.65
2025-01-06 07:00:00,Station_4,29.075000000000003,78.07499999999999,6.86,8.15,23.03,13.09,275.87,1.88,1.21,0.6,1.45
2025-01-06 07:00:00,Station_5,29.1,78.1,7.16,7.94,25.89,11.56,316.1,1.83,1.08,0.4,1.57
2025-01-06 08:00:00,Station_1,29.0,78.0,7.22,9.06,26.87,9.04,279.57,2.61,1.24,0.58,1.41
2025-01-06 08:00:00,Station_2,29.025,78.025,6.85,8.57,22.74,10.95,323.61,1.88,0.65,0.6,1.64
2025-01-06 08:00:00,Station_3,29.05,78.05,7.36,7.58,22.4,11.88,310.17,2.35,0.97,0.41,1.52
2025-01-06 08:00:00,Station_4,29.075000000000003,78.07499999999999,6.81,8.02,26.48,8.33,291.95,1.46,1.07,0.85,1.55
2025-01-06 08:00:00,Station_5,29.1,78.1,7.08,8.15,22.97,8.16,313.52,1.22,1.35,0.42,1.32
2025-01-06 09:00:00,Station_1,29.0,78.0,7.33,8.24,25.09,12.66,296.93,1.74,1.19,0.66,1.51
2025-01-06 09:00:00,Station_2,29.025,78.025,7.27,8.9,25.24,12.45,316.28,1.96,1.41,0.21,1.39
2025-01-06 09:00:00,Station_3,29.05,78.05,7.44,9.22,25.73,8.39,303.43,1.68,1.03,0.63,1.44
2025-01-06 09:00:00,Station_4,29.075000000000003,78.07499999999999,6.66,7.48,26.11,7.34,315.48,1.53,0.72,0.42,1.35
2025-01-06 09:00:00,Station_5,29.1,78.1,7.34,8.14,25.98,9.09,330.1,2.22,1.24,0.59,1.43
2025-01-06 10:00:00,Station_1,29.0,78.0,7.13,7.42,23.39,7.88,289.98,2.09,1.08,0.55,1.56
2025-01-06 10:00:00,Station_2,29.025,78.025,7.17,8.16,25.44,11.55,319.87,2.99,2.37,0.92,1.55
2025-01-06 10:00:00,Station_3,29.05,78.05,6.96,7.66,23.26,9.87,286.83,2.31,0.76,0.38,1.47
2025-01-06 10:00:00,Station_4,29.075000000000003,78.07499999999999,7.16,8.63,26.71,8.49,268.45,1.9,1.38,0.68,1.56
2025-01-06 10:00:00,Station_5,29.1,78.1,7.14,7.69,24.26,5.44,314.04,2.55,1.41,0.68,1.56
2025-01-06 11:00:00,Station_1,29.0,78.0,6.8,7.7,27.06,10.32,314.5,1.45,1.11,0.24,1.59
2025-01-06 11:00:00,Station_2,29.025,78.025,6.89,8.5,25.22,9.75,276.65,1.97,0.69,0.03,1.68
2025-01-06 11:00:00,Station_3,29.05,78.05,6.88,9.3,23.58,12.0,280.07,2.17,0.73,0.79,1.5
2025-01-06 11:00:00,Station_4,29.075000000000003,78.07499999999999,7.13,8.05,22.99,4.46,270.87,2.3,1.12,0.41,1.57
2025-01-06 11:00:00,Station_5,29.1,78.1,7.37,8.28,24.65,12.2,280.55,3.28,0.86,0.43,1.63
2025-01-06 12:00:00,Station_1,29.0,78.0,7.17,8.42,21.43,10.94,287.93,1.16,1.45,0.23,1.55
2025-01-06 12:00:00,Station_2,29.025,78.025,7.23,7.43,26.62,10.02,327.48,1.8,1.31,0.64,1.55
2025-01-06 12:00:00,Station_3,29.05,78.05,7.22,7.33,24.07,12.24,321.46,1.94,1.22,0.89,1.47
2025-01-06 12:00:00,Station_4,29.075000000000003,78.07499999999999,7.18,7.8,23.83,10.17,325.25,1.92,1.22,0.63,1.58
2025-01-06 12:00:00,Station_5,29.1,78.1,7.36,8.2,26.07,7.42,307.33,1.7,1.63,0.86,1.58
2025-01-06 13:00:00,Station_1,29.0,78.0,7.45,7.66,24.14,13.45,253.25,2.06,0.78,0.07,1.54
2025-01-06 13:00:00,Station_2,29.025,78.025,7.27,7.75,26.68,9.34,283.76,2.07,1.14,0.42,1.51
2025-01-06 13:00:00,Station_3,29.05,78.05,7.32,7.36,24.69,10.28,315.9,1.14,0.8,0.47,1.5
2025-01-06 13:00:00,Station_4,29.075000000000003,78.07499999999999,7.14,8.01,23.62,10.68,274.17,1.65,1.04,0.48,1.58
2025-01-06 13:00:00,Station_5,29.1,78.1,7.17,7.7,23.99,10.27,303.13,2.04,1.42,0.54,1.44
2025-01-06 14:00:00,Station_1,29.0,78.0,6.74,8.33,25.19,10.64,275.33,2.2,1.06,0.52,1.54
2025-01-06 14:00:00,Station_2,29.025,78.025,7.37,8.59,22.38,8.69,268.32,2.38,1.06,0.59,1.45
2025-01-06 14:00:00,Station_3,29.05,78.05,7.34,7.36,25.92,11.7,317.7,1.73,0.62,0.96,1.56
2025-01-06 14:00:00,Station_4,29.075000000000003,78.07499999999999,7.49,8.76,25.15,11.96,330.13,2.88,1.03,0.6,1.49
2025-01-06 14:00:00,Station_5,29.1,78.1,7.51,9.19,25.02,8.8,301.15,2.35,1.24,0.53,1.45
2025-01-06 15:00:00,Station_1,29.0,78.0,7.37,8.24,20.42,9.76,285.77,1.67,0.96,0.51,1.49
2025-01-06 15:00:00,Station_2,29.025,78.025,7.22,7.94,28.79,7.17,323.5,2.15,1.71,0.46,1.52
2025-01-06 15:00:00,Station_3,29.05,78.05,7.22,8.22,26.15,8.23,295.74,1.8,0.43,0.15,1.55
2025-01-06 15:00:00,Station_4,29.075000000000003,78.07499999999999,6.65,7.64,22.92,7.28,318.48,2.06,1.15,0.77,1.64
2025-01-06 15:00:00,Station_5,29.1,78.1,7.27,8.43,29.31,9.12,270.18,2.42,1.36,0.77,1.49
2025-01-06 16:00:00,Station_1,29.0,78.0,7.05,7.92,26.43,10.72,302.33,2.31,1.6,0.3,1.36
2025-01-06 16:00:00,Station_2,29.025,78.025,7.18,7.88,25.69,7.57,306.43,3.0,1.23,0.49,1.61
2025-01-06 16:00:00,Station_3,29.05,78.05,6.78,8.39,25.46,10.29,296.27,2.03,0.89,0.48,1.38
2025-01-06 16:00:00,Station_4,29.075000000000003,78.07499999999999,7.32,7.66,25.61,11.03,289.18,2.3,1.21,0.65,1.52
2025-01-06 16:00:00,Station_5,29.1,78.1,6.93,7.33,25.27,9.1,299.16,2.85,0.39,0.34,1.29
2025-01-06 17:00:00,Station_1,29.0,78.0,7.18,7.62,23.43,9.58,306.32,2.5,0.7,0.74,1.44
2025-01-06 17:00:00,Station_2,29.025,78.025,7.55,8.36,26.0,10.21,282.44,1.86,1.21,0.43,1.57
2025-01-06 17:00:00,Station_3,29.05,78.05,7.09,8.18,26.69,9.71,320.06,2.31,0.44,0.83,1.5
2025-01-06 17:00:00,Station_4,29.075000000000003,78.07499999999999,7.21,8.27,22.9,11.14,285.8,2.21,0.95,0.6,1.59
2025-01-06 17:00:00,Station_5,29.1,78.1,6.83,8.65,21.51,5.6,327.07,2.47,1.17,0.68,1.59
2025-01-06 18:00:00,Station_1,29.0,78.0,7.14,7.85,25.56,6.86,307.12,2.09,1.11,0.72,1.64
2025-01-06 18:00:00,Station_2,29.025,78.025,7.3,8.25,26.37,12.26,304.49,1.75,1.17,0.55,1.49
2025-01-06 18:00:00,Station_3,29.05,78.05,6.99,7.63,25.3,11.76,332.14,2.44,0.75,0.39,1.47
2025-01-06 18:00:00,Station_4,29.075000000000003,78.07499999999999,7.2,8.5,24.36,8.0,292.7,1.46,1.86,0.45,1.57
2025-01-06 18:00:00,Station_5,29.1,78.1,7.09,8.92,24.4,12.52,335.39,2.05,0.91,0.64,1.39
2025-01-06 19:00:00,Station_1,29.0,78.0,6.92,8.73,28.27,10.46,277.62,2.67,1.24,0.63,1.44
2025-01-06 19:00:00,Station_2,29.025,78.025,7.51,8.5,25.75,10.87,285.57,2.19,1.17,0.42,1.56
2025-01-06 19:00:00,Station_3,29.05,78.05,7.16,8.78,24.4,12.27,298.59,2.2,0.98,0.57,1.43
2025-01-06 19:00:00,Station_4,29.075000000000003,78.07499999999999,7.37,7.99,26.15,9.51,330.18,2.52,0.72,0.38,1.4
2025-01-06 19:00:00,Station_5,29.1,78.1,7.22,8.64,26.91,7.41,316.93,1.92,1.19,0.09,1.56
2025-01-06 20:00:00,Station_1,29.0,78.0,7.3,7.72,22.38,9.39,274.16,1.63,1.25,0.52,1.55
2025-01-06 20:00:00,Station_2,29.025,78.025,7.29,8.29,25.48,10.75,249.74,1.55,0.45,0.66,1.5
2025-01-06 20:00:00,Station_3,29.05,78.05,7.29,9.01,25.88,9.08,311.95,1.5,1.29,0.49,1.51
2025-01-06 20:00:00,Station_4,29.075000000000003,78.07499999999999,7.46,7.85,23.38,8.78,273.94,1.86,1.05,0.36,1.47
2025-01-06 20:00:00,Station_5,29.1,78.1,7.09,7.82,27.35,6.01,295.17,1.78,1.19,0.85,1.54
2025-01-06 21:00:00,Station_1,29.0,78.0,7.2,7.84,26.19,11.55,263.46,1.65,0.76,0.61,1.64
2025-01-06 21:00:00,Station_2,29.025,78.025,7.06,7.63,25.62,11.23,277.73,1.81,0.95,0.66,1.53
2025-01-06 21:00:00,Station_3,29.05,78.05,6.97,8.09,27.41,12.46,282.97,3.17,1.35,0.31,1.41
2025-01-06 21:00:00,Station_4,29.075000000000003,78.07499999999999,6.6,6.98,22.81,12.74,278.14,1.72,0.98,0.8,1.6
2025-01-06 21:00:00,Station_5,29.1,78.1,7.17,7.41,21.76,11.25,289.84,2.12,0.62,0.47,1.57
2025-01-06 22:00:00,Station_1,29.0,78.0,7.41,7.7,21.59,7.98,318.89,2.82,1.15,0.61,1.69
2025-01-06 22:00:00,Station_2,29.025,78.025,7.43,8.33,25.04,10.72,291.05,2.59,0.92,0.51,1.4
2025-01-06 22:00:00,Station_3,29.05,78.05,7.17,7.88,25.5,8.87,314.33,2.47,0.75,0.31,1.58
2025-01-06 22:00:00,Station_4,29.075000000000003,78.07499999999999,7.44,7.84,25.31,12.91,314.74,1.81,0.83,0.74,1.63
2025-01-06 22:00:00,Station_5,29.1,78.1,6.96,8.53,24.38,6.94,283.0,1.46,0.98,0.43,1.76
2025-01-06 23:00:00,Station_1,29.0,78.0,6.91,7.64,21.11,12.06,295.88,2.27,0.77,0.18,1.52
2025-01-06 23:00:00,Station_2,29.025,78.025,7.13,7.76,24.46,11.71,273.93,1.95,0.42,0.44,1.5
2025-01-06 23:00:00,Station_3,29.05,78.05,7.28,7.7,28.92,8.56,306.33,2.43,1.08,0.48,1.5
2025-01-06 23:00:00,Station_4,29.075000000000003,78.07499999999999,7.34,7.92,29.76,12.09,312.78,2.24,1.49,0.72,1.75
2025-01-06 23:00:00,Station_5,29.1,78.1,7.21,7.8,22.51,10.66,277.34,1.75,1.44,0.53,1.6
2025-01-07 00:00:00,Station_1,29.0,78.0,7.34,8.84,24.78,8.29,278.04,1.76,0.71,0.35,1.45
2025-01-07 00:00:00,Station_2,29.025,78.025,7.13,8.0,28.42,9.05,277.88,2.16,0.75,0.18,1.46
2025-01-07 00:00:00,Station_3,29.05,78.05,6.89,8.03,20.44,11.79,310.54,1.68,1.25,0.59,1.33
2025-01-07 00:00:00,Station_4,29.075000000000003,78.07499999999999,7.2,7.92,25.47,12.88,288.64,1.58,1.26,0.96,1.42
2025-01-07 00:00:00,Station_5,29.1,78.1,7.05,7.8,27.08,8.45,274.5,2.08,1.09,0.54,1.54
2025-01-07 01:00:00,Station_1,29.0,78.0,7.22,7.35,26.72,10.1,314.82,2.23,1.43,0.19,1.33
2025-01-07 01:00:00,Station_2,29.025,78.025,7.27,7.93,27.39,8.75,272.67,2.39,0.99,0.33,1.49
2025-01-07 01:00:00,Station_3,29.05,78.05,7.18,7.76,26.59,8.88,280.67,2.05,1.03,0.54,1.63
2025-01-07 01:00:00,Station_4,29.075000000000003,78.07499999999999,4.22,5.51,24.51,28.33,449.11,7.27,4.01,2.7,1.69
2025-01-07 01:00:00,Station_5,29.1,78.1,6.91,7.83,25.67,10.95,297.3,2.43,0.83,0.47,1.7
2025-01-07 02:00:00,Station_1,29.0,78.0,7.4,7.43,27.51,9.96,324.35,1.93,1.04,0.57,1.48
2025-01-07 02:00:00,Station_2,29.025,78.025,7.32,8.51,24.05,10.19,264.15,1.81,1.84,0.24,1.55
2025-01-07 02:00:00,Station_3,29.05,78.05,7.33,7.29,25.07,13.22,306.53,2.35,0.46,0.94,1.44
2025-01-07 02:00:00,Station_4,29.075000000000003,78.07499999999999,7.37,7.92,28.48,11.93,288.78,2.54,1.38,0.73,1.63
2025-01-07 02:00:00,Station_5,29.1,78.1,7.15,7.12,28.06,12.31,291.24,2.51,1.01,0.39,1.58
2025-01-07 03:00:00,Station_1,29.0,78.0,6.93,8.02,25.79,9.06,323.2,1.82,0.96,0.35,1.48
2025-01-07 03:00:00,Station_2,29.025,78.025,7.12,8.21,25.36,9.16,290.25,1.89,0.66,0.45,1.37
2025-01-07 03:00:00,Station_3,29.05,78.05,7.2,7.82,24.96,11.53,283.34,2.31,0.9,0.6,1.59
2025-01-07 03:00:00,Station_4,29.075000000000003,78.07499999999999,7.17,8.51,26.11,9.33,307.53,1.43,0.6,0.64,1.57
2025-01-07 03:00:00,Station_5,29.1,78.1,7.55,7.2,27.05,12.06,327.69,2.44,1.37,0.32,1.41
2025-01-07 04:00:00,Station_1,29.0,78.0,7.07,7.47,24.35,11.15,332.97,2.47,0.79,0.52,1.59
2025-01-07 04:00:00,Station_2,29.025,78.025,7.43,8.51,25.05,8.98,316.13,2.3,0.77,0.55,1.49
2025-01-07 04:00:00,Station_3,29.05,78.05,7.31,7.92,26.27,7.21,320.73,1.28,0.83,0.45,1.64
2025-01-07 04:00:00,Station_4,29.075000000000003,78.07499999999999,7.37,8.92,27.43,11.17,295.81,2.44,1.2,0.02,1.62
2025-01-07 04:00:00,Station_5,29.1,78.1,7.35,8.52,22.08,8.43,287.48,2.36,1.19,0.56,1.55
2025-01-07 05:00:00,Station_1,29.0,78.0,7.49,7.8,23.51,7.6,325.34,2.3,0.78,0.76,1.49
2025-01-07 05:00:00,Station_2,29.025,78.025,7.12,7.54,23.79,9.5,287.74,2.62,0.93,0.3,1.43
2025-01-07 05:00:00,Station_3,29.05,78.05,6.96,8.84,26.15,9.46,316.13,2.66,0.75,0.49,1.52
2025-01-07 05:00:00,Station_4,29.075000000000003,78.07499999999999,7.21,8.28,27.83,10.86,290.19,2.47,1.23,0.61,1.68
2025-01-07 05:00:00,Station_5,29.1,78.1,7.25,7.73,27.71,7.0,263.08,2.63,1.29,0.45,1.45
2025-01-07 06:00:00,Station_1,29.0,78.0,7.17,7.7,26.85,11.9,290.4,2.65,0.74,0.07,1.55
2025-01-07 06:00:00,Station_2,29.025,78.025,7.25,8.09,20.18,11.86,300.92,1.98,1.1,0.56,1.7
2025-01-07 06:00:00,Station_3,29.05,78.05,7.34,8.28,22.12,7.32,326.6,2.33,0.77,0.49,1.71
2025-01-07 06:00:00,Station_4,29.075000000000003,78.07499999999999,7.48,8.45,22.31,11.66,310.21,1.83,1.11,0.56,1.36
2025-01-07 06:00:00,Station_5,29.1,78.1,7.31,8.41,24.82,8.17,282.81,2.82,1.32,0.62,1.39
2025-01-07 07:00:00,Station_1,29.0,78.0,7.28,8.92,23.03,7.64,271.96,2.0,0.93,0.44,1.63
2025-01-07 07:00:00,Station_2,29.025,78.025,6.76,7.83,26.17,9.42,276.65,2.09,1.17,0.54,1.6
2025-01-07 07:00:00,Station_3,29.05,78.05,7.03,7.87,25.45,9.68,290.85,0.08,0.33,0.76,1.55
2025-01-07 07:00:00,Station_4,29.075000000000003,78.07499999999999,7.11,8.35,24.35,6.59,296.17,1.91,0.98,0.47,1.68
2025-01-07 07:00:00,Station_5,29.1,78.1,6.61,7.96,24.12,5.75,315.33,1.4,0.78,0.66,1.61
2025-01-07 08:00:00,Station_1,29.0,78.0,7.09,8.16,26.66,7.76,279.32,2.53,1.09,0.39,1.56
2025-01-07 08:00:00,Station_2,29.025,78.025,7.31,7.69,24.54,7.77,300.52,2.48,1.78,0.81,1.51
2025-01-07 08:00:00,Station_3,29.05,78.05,7.43,8.16,24.59,7.74,303.39,2.15,1.06,0.6,1.5
2025-01-07 08:00:00,Station_4,29.075000000000003,78.07499999999999,7.22,8.11,25.93,13.02,300.69,1.53,0.98,0.48,1.46
2025-01-07 08:00:00,Station_5,29.1,78.1,6.66,8.01,25.26,11.71,333.82,1.75,0.81,0.46,1.54
2025-01-07 09:00:00,Station_1,29.0,78.0,7.19,8.13,24.6,10.73,342.69,2.62,0.43,0.57,1.38
2025-01-07 09:00:00,Station_2,29.025,78.025,7.24,8.09,24.25,10.97,299.52,2.16,0.84,0.52,1.68
2025-01-07 09:00:00,Station_3,29.05,78.05,7.39,8.31,23.77,8.39,300.2,1.7,0.65,0.41,1.56
2025-01-07 09:00:00,Station_4,29.075000000000003,78.07499999999999,6.94,7.57,23.29,9.83,337.48,2.95,0.85,0.34,1.54
2025-01-07 09:00:00,Station_5,29.1,78.1,7.23,7.35,25.22,11.67,312.65,2.41,0.89,0.46,1.53
2025-01-07 10:00:00,Station_1,29.0,78.0,7.25,7.46,26.09,10.15,308.95,2.65,0.4,0.41,1.41
2025-01-07 10:00:00,Station_2,29.025,78.025,7.39,7.64,27.17,9.52,289.21,1.97,1.22,0.29,1.54
2025-01-07 10:00:00,Station_3,29.05,78.05,7.48,8.16,25.84,9.55,303.39,1.45,0.81,0.64,1.44
2025-01-07 10:00:00,Station_4,29.075000000000003,78.07499999999999,7.1,8.33,25.61,6.06,312.1,3.17,1.25,0.78,1.33
2025-01-07 10:00:00,Station_5,29.1,78.1,7.09,8.08,23.99,9.55,276.07,2.18,0.63,0.63,1.51
2025-01-07 11:00:00,Station_1,29.0,78.0,7.38,7.88,21.41,10.93,312.1,2.23,1.18,0.22,1.45
2025-01-07 11:00:00,Station_2,29.025,78.025,7.33,8.15,26.23,9.84,301.79,2.51,0.87,0.56,1.52
2025-01-07 11:00:00,Station_3,29.05,78.05,7.37,8.72,28.66,6.03,290.7,2.3,0.63,0.45,1.22
2025-01-07 11:00:00,Station_4,29.075000000000003,78.07499999999999,7.55,8.85,23.24,6.88,314.79,1.55,0.64,0.45,1.46
2025-01-07 11:00:00,Station_5,29.1,78.1,6.67,7.88,25.47,9.04,313.24,1.01,1.06,0.54,1.52
2025-01-07 12:00:00,Station_1,29.0,78.0,7.53,7.9,25.92,9.96,344.47,1.97,1.1,0.73,1.42
2025-01-07 12:00:00,Station_2,29.025,78.025,7.29,7.62,31.6,8.12,346.95,1.97,1.1,0.41,1.48
2025-01-07 12:00:00,Station_3,29.05,78.05,7.5,8.08,25.8,7.76,292.21,1.75,1.46,0.56,1.57
2025-01-07 12:00:00,Station_4,29.075000000000003,78.07499999999999,7.16,8.16,20.85,8.44,295.29,1.56,1.12,0.35,1.42
2025-01-07 12:00:00,Station_5,29.1,78.1,7.13,7.8,26.31,8.85,337.72,1.89,0.7,0.72,1.52
2025-01-07 13:00:00,Station_1,29.0,78.0,7.2,8.98,23.0,7.56,283.27,1.44,0.98,0.54,1.56
2025-01-07 13:00:00,Station_2,29.025,78.025,7.41,8.13,24.48,8.65,308.05,2.35,1.45,0.6,1.6
2025-01-07 13:00:00,Station_3,29.05,78.05,7.28,7.68,28.31,10.18,294.19,0.95,1.27,0.45,1.45
2025-01-07 13:00:00,Station_4,29.075000000000003,78.07499999999999,7.09,9.14,23.95,9.01,294.49,2.15,1.14,0.53,1.5
2025-01-07 13:00:00,Station_5,29.1,78.1,7.21,7.92,24.91,10.8,280.22,1.66,0.62,0.29,1.56
2025-01-07 14:00:00,Station_1,29.0,78.0,7.17,8.22,28.62,10.51,305.28,1.86,0.68,0.52,1.53
2025-01-07 14:00:00,Station_2,29.025,78.025,7.21,8.08,29.0,8.95,296.12,2.88,0.43,0.8,1.61
2025-01-07 14:00:00,Station_3,29.05,78.05,7.06,7.49,20.91,9.12,275.35,2.34,1.29,0.42,1.7
2025-01-07 14:00:00,Station_4,29.075000000000003,78.07499999999999,7.29,8.58,23.87,9.56,315.2,1.64,1.07,0.47,1.61
2025-01-07 14:00:00,Station_5,29.1,78.1,7.45,8.53,25.47,9.88,304.03,2.34,0.67,0.16,1.4
2025-01-07 15:00:00,Station_1,29.0,78.0,7.23,8.14,27.37,8.5,279.74,2.71,1.28,0.47,1.52
2025-01-07 15:00:00,Station_2,29.025,78.025,7.34,8.39,24.88,10.85,297.53,2.07,1.09,0.46,1.36
2025-01-07 15:00:00,Station_3,29.05,78.05,4.63,5.12,24.57,29.19,489.35,7.46,4.67,2.95,1.45
2025-01-07 15:00:00,Station_4,29.075000000000003,78.07499999999999,7.04,7.5,25.38,12.01,338.52,1.08,0.89,0.35,1.57
2025-01-07 15:00:00,Station_5,29.1,78.1,7.5,8.26,28.04,6.48,268.56,1.52,1.06,0.62,1.6
2025-01-07 16:00:00,Station_1,29.0,78.0,7.35,7.11,25.93,6.12,285.5,1.76,0.22,0.56,1.46
2025-01-07 16:00:00,Station_2,29.025,78.025,7.35,7.66,27.97,8.19,280.12,2.63,0.9,0.48,1.53
2025-01-07 16:00:00,Station_3,29.05,78.05,7.24,8.06,24.51,8.63,292.03,2.17,0.73,0.27,1.49
2025-01-07 16:00:00,Station_4,29.075000000000003,78.07499999999999,7.15,6.76,25.9,10.13,338.53,2.55,0.69,0.3,1.51
2025-01-07 16:00:00,Station_5,29.1,78.1,6.95,8.37,24.8,7.24,294.41,1.8,1.01,1.03,1.51
2025-01-07 17:00:00,Station_1,29.0,78.0,7.22,7.85,24.27,10.66,300.59,2.34,0.67,0.23,1.53
2025-01-07 17:00:00,Station_2,29.025,78.025,7.32,8.14,23.79,10.4,289.66,2.13,1.13,0.61,1.59
2025-01-07 17:00:00,Station_3,29.05,78.05,7.36,8.09,25.41,10.21,326.33,2.43,0.96,0.44,1.47
2025-01-07 17:00:00,Station_4,29.075000000000003,78.07499999999999,7.21,8.46,22.87,8.32,266.15,1.89,0.67,0.25,1.36
2025-01-07 17:00:00,Station_5,29.1,78.1,7.44,7.73,29.59,12.24,304.89,2.67,1.02,0.48,1.46
2025-01-07 18:00:00,Station_1,29.0,78.0,6.79,8.49,27.23,10.45,290.82,2.2,0.97,0.6,1.49
2025-01-07 18:00:00,Station_2,29.025,78.025,7.1,7.73,24.06,7.58,299.01,1.64,1.25,0.62,1.56
2025-01-07 18:00:00,Station_3,29.05,78.05,7.02,7.89,22.85,9.51,259.51,2.07,0.17,0.4,1.65
2025-01-07 18:00:00,Station_4,29.075000000000003,78.07499999999999,7.09,8.63,26.02,9.58,291.64,1.58,1.03,0.55,1.59
2025-01-07 18:00:00,Station_5,29.1,78.1,6.97,7.39,27.6,7.54,294.81,1.41,1.26,0.38,1.48
2025-01-07 19:00:00,Station_1,29.0,78.0,7.1,8.46,29.05,10.14,284.15,1.36,0.84,0.45,1.57
2025-01-07 19:00:00,Station_2,29.025,78.025,7.41,8.77,26.4,10.5,309.77,2.32,1.02,0.84,1.57
2025-01-07 19:00:00,Station_3,29.05,78.05,7.39,7.95,26.52,9.9,309.56,1.71,1.23,0.5,1.73
2025-01-07 19:00:00,Station_4,29.075000000000003,78.07499999999999,7.21,6.9,21.86,5.9,321.02,1.75,1.6,0.38,1.5
2025-01-07 19:00:00,Station_5,29.1,78.1,6.86,7.75,21.35,11.25,294.45,2.24,1.01,0.34,1.59
2025-01-07 20:00:00,Station_1,29.0,78.0,6.84,8.51,24.2,10.2,341.11,1.74,0.9,1.03,1.41
2025-01-07 20:00:00,Station_2,29.025,78.025,6.95,8.14,22.72,6.3,282.66,2.48,1.5,0.44,1.61
2025-01-07 20:00:00,Station_3,29.05,78.05,7.24,8.67,24.1,9.01,275.64,1.41,1.27,0.52,1.35
2025-01-07 20:00:00,Station_4,29.075000000000003,78.07499999999999,7.46,7.07,25.4,8.77,316.49,2.36,0.86,0.3,1.47
2025-01-07 20:00:00,Station_5,29.1,78.1,7.19,7.92,22.24,10.65,311.73,1.91,0.7,0.67,1.65
2025-01-07 21:00:00,Station_1,29.0,78.0,7.09,8.04,27.96,8.77,321.34,1.3,1.62,0.56,1.46
2025-01-07 21:00:00,Station_2,29.025,78.025,7.12,8.05,26.64,8.29,289.74,1.51,1.19,0.55,1.39
2025-01-07 21:00:00,Station_3,29.05,78.05,6.89,7.67,28.52,10.97,286.29,1.94,0.59,0.66,1.64
2025-01-07 21:00:00,Station_4,29.075000000000003,78.07499999999999,4.97,4.16,24.34,22.99,485.66,6.72,3.95,3.0,1.55
2025-01-07 21:00:00,Station_5,29.1,78.1,6.98,8.58,22.93,7.3,300.75,1.66,1.08,0.6,1.4
2025-01-07 22:00:00,Station_1,29.0,78.0,7.29,7.38,20.9,10.65,333.99,2.46,1.29,0.95,1.46
2025-01-07 22:00:00,Station_2,29.025,78.025,6.95,8.66,25.99,10.28,268.34,2.01,1.02,0.5,1.42
2025-01-07 22:00:00,Station_3,29.05,78.05,5.07,4.69,24.44,26.66,504.16,8.43,4.83,2.16,1.5
2025-01-07 22:00:00,Station_4,29.075000000000003,78.07499999999999,7.11,8.06,26.91,8.14,288.44,2.53,0.68,0.47,1.58
2025-01-07 22:00:00,Station_5,29.1,78.1,6.87,8.46,24.97,11.86,305.36,2.43,1.14,0.55,1.62
2025-01-07 23:00:00,Station_1,29.0,78.0,7.71,7.89,23.01,8.06,321.8,2.1,1.09,0.3,1.62
2025-01-07 23:00:00,Station_2,29.025,78.025,7.23,8.14,25.46,15.12,310.63,1.95,1.13,0.54,1.34
2025-01-07 23:00:00,Station_3,29.05,78.05,7.37,7.74,23.44,6.37,306.57,2.15,0.95,0.36,1.49
2025-01-07 23:00:00,Station_4,29.075000000000003,78.07499999999999,7.34,7.82,27.28,6.57,310.16,1.97,0.78,0.42,1.44
2025-01-07 23:00:00,Station_5,29.1,78.1,7.36,7.76,26.84,11.07,308.49,2.45,1.34,0.33,1.6
2025-01-08 00:00:00,Station_1,29.0,78.0,7.06,8.06,24.58,10.8,318.49,1.76,1.05,0.49,1.3
2025-01-08 00:00:00,Station_2,29.025,78.025,6.98,8.64,21.28,10.9,317.52,1.51,1.12,0.45,1.4
2025-01-08 00:00:00,Station_3,29.05,78.05,6.9,8.02,25.02,14.96,340.89,1.43,1.48,0.43,1.45
2025-01-08 00:00:00,Station_4,29.075000000000003,78.07499999999999,6.96,8.46,25.33,8.35,306.91,0.93,0.71,0.6,1.5
2025-01-08 00:00:00,Station_5,29.1,78.1,7.35,8.24,26.8,9.74,277.92,2.0,0.77,0.25,1.32
2025-01-08 01:00:00,Station_1,29.0,78.0,6.89,8.36,26.72,12.77,317.72,2.45,1.2,0.21,1.27
2025-01-08 01:00:00,Station_2,29.025,78.025,6.97,7.71,22.72,13.17,305.04,2.04,1.21,0.57,1.65
2025-01-08 01:00:00,Station_3,29.05,78.05,7.23,6.91,24.71,13.15,325.46,1.71,1.13,0.24,1.49
2025-01-08 01:00:00,Station_4,29.075000000000003,78.07499999999999,7.32,8.23,24.91,9.79,320.47,1.16,1.21,0.42,1.53
2025-01-08 01:00:00,Station_5,29.1,78.1,7.49,8.92,28.12,9.56,288.7,2.65,1.27,0.22,1.45
2025-01-08 02:00:00,Station_1,29.0,78.0,7.5,8.54,24.35,12.99,320.01,1.83,1.59,0.21,1.53
2025-01-08 02:00:00,Station_2,29.025,78.025,7.31,8.02,24.33,11.57,281.76,1.23,1.08,0.19,1.26
2025-01-08 02:00:00,Station_3,29.05,78.05,7.24,8.5,23.72,10.11,279.54,2.6,1.42,0.84,1.45
2025-01-08 02:00:00,Station_4,29.075000000000003,78.07499999999999,7.35,8.36,21.89,7.03,252.01,2.54,0.79,1.01,1.46
2025-01-08 02:00:00,Station_5,29.1,78.1,7.2,8.06,25.3,8.17,315.25,2.43,0.82,0.63,1.63
2025-01-08 03:00:00,Station_1,29.0,78.0,7.26,8.02,24.82,12.12,278.34,2.15,0.8,0.53,1.45
2025-01-08 03:00:00,Station_2,29.025,78.025,6.98,7.89,21.57,11.86,287.52,3.12,0.84,1.03,1.38
2025-01-08 03:00:00,Station_3,29.05,78.05,7.09,8.16,24.38,11.94,284.94,0.96,1.11,0.64,1.54
2025-01-08 03:00:00,Station_4,29.075000000000003,78.07499999999999,7.17,7.15,23.82,6.57,261.07,2.63,0.69,0.42,1.62
2025-01-08 03:00:00,Station_5,29.1,78.1,6.77,7.87,26.36,15.66,301.46,1.57,1.44,0.71,1.64
2025-01-08 04:00:00,Station_1,29.0,78.0,7.04,8.27,23.63,10.19,305.06,1.48,0.8,0.43,1.55
2025-01-08 04:00:00,Station_2,29.025,78.025,7.27,8.38,25.77,9.02,281.97,1.52,1.15,0.47,1.62
2025-01-08 04:00:00,Station_3,29.05,78.05,7.01,7.89,25.06,10.47,295.97,2.52,1.18,0.39,1.38
2025-01-08 04:00:00,Station_4,29.075000000000003,78.07499999999999,7.55,8.61,24.07,9.08,298.78,1.85,1.0,0.41,1.56
2025-01-08 04:00:00,Station_5,29.1,78.1,7.34,7.5,23.3,5.02,269.35,1.81,1.42,0.52,1.49
2025-01-08 05:00:00,Station_1,29.0,78.0,7.08,7.26,28.55,8.37,301.41,1.58,0.93,0.28,1.49
2025-01-08 05:00:00,Station_2,29.025,78.025,7.22,8.5,23.53,9.68,297.53,1.91,0.73,0.45,1.47
2025-01-08 05:00:00,Station_3,29.05,78.05,5.76,6.66,27.16,26.53,402.63,5.52,3.41,1.71,1.58
2025-01-08 05:00:00,Station_4,29.075000000000003,78.07499999999999,5.42,5.96,22.89,22.24,373.35,3.43,2.89,2.16,1.51
2025-01-08 05:00:00,Station_5,29.1,78.1,5.29,6.27,25.87,18.33,424.26,3.78,3.22,2.56,1.49
2025-01-08 06:00:00,Station_1,29.0,78.0,6.97,8.21,22.8,12.78,311.23,1.7,0.73,0.66,1.51
2025-01-08 06:00:00,Station_2,29.025,78.025,6.74,8.64,25.59,5.99,298.2,2.81,1.17,0.25,1.33
2025-01-08 06:00:00,Station_3,29.05,78.05,5.87,5.32,24.38,16.51,451.11,5.12,2.47,1.75,1.34
2025-01-08 06:00:00,Station_4,29.075000000000003,78.07499999999999,5.4,6.22,23.6,22.71,438.48,4.09,1.8,1.66,1.35
2025-01-08 06:00:00,Station_5,29.1,78.1,5.67,4.43,26.51,14.87,413.93,5.35,3.48,2.49,1.49
2025-01-08 07:00:00,Station_1,29.0,78.0,7.32,7.22,25.35,11.43,342.87,2.1,0.73,0.31,1.46
2025-01-08 07:00:00,Station_2,29.025,78.025,6.96,8.18,23.74,10.45,281.13,2.35,0.77,0.46,1.77
2025-01-08 07:00:00,Station_3,29.05,78.05,5.44,5.75,29.17,23.25,423.36,4.69,2.15,1.33,1.64
2025-01-08 07:00:00,Station_4,29.075000000000003,78.07499999999999,5.32,4.97,26.31,23.35,378.54,4.9,2.81,1.11,1.54
2025-01-08 07:00:00,Station_5,29.1,78.1,5.7,6.62,26.01,17.38,418.36,4.47,3.04,2.47,1.45
2025-01-08 08:00:00,Station_1,29.0,78.0,7.56,8.35,24.75,8.45,296.1,1.69,0.49,0.58,1.53
2025-01-08 08:00:00,Station_2,29.025,78.025,6.64,7.52,21.88,8.8,279.24,1.87,0.92,0.37,1.46
2025-01-08 08:00:00,Station_3,29.05,78.05,5.85,5.91,22.9,21.62,426.39,5.83,3.26,1.99,1.5
2025-01-08 08:00:00,Station_4,29.075000000000003,78.07499999999999,6.06,6.61,25.86,20.84,364.04,4.51,2.62,1.78,1.38
2025-01-08 08:00:00,Station_5,29.1,78.1,5.35,6.94,26.42,20.45,462.44,4.5,3.18,1.74,1.61
2025-01-08 09:00:00,Station_1,29.0,78.0,7.34,8.61,24.17,10.56,294.74,2.64,1.35,0.49,1.63
2025-01-08 09:00:00,Station_2,29.025,78.025,7.42,7.41,27.66,8.03,288.57,1.3,0.91,0.44,1.38
2025-01-08 09:00:00,Station_3,29.05,78.05,4.9,6.11,27.09,18.38,402.07,4.03,2.89,1.61,1.43
2025-01-08 09:00:00,Station_4,29.075000000000003,78.07499999999999,6.55,5.51,25.15,19.5,422.59,5.95,2.04,1.56,1.53
2025-01-08 09:00:00,Station_5,29.1,78.1,5.93,5.54,25.51,20.58,423.45,4.71,2.4,1.46,1.65
2025-01-08 10:00:00,Station_1,29.0,78.0,6.99,7.72,23.76,13.07,280.82,2.34,1.51,0.43,1.54
2025-01-08 10:00:00,Station_2,29.025,78.025,7.21,8.36,23.83,12.82,295.94,2.07,1.09,0.45,1.5
2025-01-08 10:00:00,Station_3,29.05,78.05,6.9,8.55,26.8,8.21,279.0,1.93,0.93,0.09,1.49
2025-01-08 10:00:00,Station_4,29.075000000000003,78.07499999999999,7.08,8.56,30.0,7.99,298.03,1.86,0.36,0.65,1.47
2025-01-08 10:00:00,Station_5,29.1,78.1,6.87,7.4,22.78,11.46,293.74,1.99,0.24,0.27,1.71
2025-01-08 11:00:00,Station_1,29.0,78.0,7.08,8.25,22.56,7.13,306.26,2.37,0.66,0.59,1.52
2025-01-08 11:00:00,Station_2,29.025,78.025,6.84,7.92,25.01,8.2,326.13,2.3,1.32,1.01,1.55
2025-01-08 11:00:00,Station_3,29.05,78.05,7.15,7.38,26.48,10.51,281.29,1.75,0.92,0.58,1.55
2025-01-08 11:00:00,Station_4,29.075000000000003,78.07499999999999,7.28,7.67,22.74,9.18,321.76,2.65,1.41,0.56,1.39
2025-01-08 11:00:00,Station_5,29.1,78.1,7.21,7.99,22.42,10.25,298.12,1.36,1.43,0.26,1.38
2025-01-08 12:00:00,Station_1,29.0,78.0,7.22,8.26,21.99,9.32,308.52,2.0,1.19,0.57,1.74
2025-01-08 12:00:00,Station_2,29.025,78.025,7.15,8.78,21.89,8.48,275.67,1.84,0.73,0.28,1.49
2025-01-08 12:00:00,Station_3,29.05,78.05,7.14,7.78,23.22,8.31,298.94,1.74,0.65,0.68,1.55
2025-01-08 12:00:00,Station_4,29.075000000000003,78.07499999999999,7.35,8.07,28.64,11.16,310.73,2.15,0.83,0.71,1.44
2025-01-08 12:00:00,Station_5,29.1,78.1,6.96,7.63,23.94,10.06,305.1,1.49,0.93,0.7,1.58
2025-01-08 13:00:00,Station_1,29.0,78.0,7.16,7.72,24.91,5.99,319.92,1.9,1.31,0.47,1.46
2025-01-08 13:00:00,Station_2,29.025,78.025,6.98,8.27,25.66,8.1,316.23,2.37,1.15,0.58,1.44
2025-01-08 13:00:00,Station_3,29.05,78.05,7.48,7.59,20.01,11.37,296.72,1.77,0.8,0.53,1.43
2025-01-08 13:00:00,Station_4,29.075000000000003,78.07499999999999,7.5,8.76,24.06,8.55,293.71,1.61,0.93,0.37,1.42
2025-01-08 13:00:00,Station_5,29.1,78.1,6.96,8.68,21.44,10.8,256.1,2.34,0.5,0.51,1.53
2025-01-08 14:00:00,Station_1,29.0,78.0,7.47,7.38,23.26,12.69,275.84,1.94,0.83,0.56,1.63
2025-01-08 14:00:00,Station_2,29.025,78.025,7.09,8.36,21.46,11.07,278.09,1.46,1.02,0.2,1.41
2025-01-08 14:00:00,Station_3,29.05,78.05,7.12,6.98,22.49,8.5,333.79,2.36,0.59,0.47,1.5
2025-01-08 14:00:00,Station_4,29.075000000000003,78.07499999999999,7.45,7.98,24.89,6.84,316.44,2.66,1.43,0.36,1.55
2025-01-08 14:00:00,Station_5,29.1,78.1,6.9,7.68,26.41,10.9,303.26,1.82,0.93,0.5,1.58
2025-01-08 15:00:00,Station_1,29.0,78.0,7.41,7.86,26.84,10.7,312.11,1.8,0.99,0.65,1.47
2025-01-08 15:00:00,Station_2,29.025,78.025,7.24,7.9,22.36,13.74,284.74,1.68,0.88,0.46,1.51
2025-01-08 15:00:00,Station_3,29.05,78.05,7.22,7.98,22.67,7.63,306.21,2.13,0.61,0.63,1.58
2025-01-08 15:00:00,Station_4,29.075000000000003,78.07499999999999,7.25,8.55,27.86,10.82,310.96,1.94,1.06,0.35,1.59
2025-01-08 15:00:00,Station_5,29.1,78.1,7.18,7.4,26.83,10.43,299.82,1.61,0.79,0.53,1.44
2025-01-08 16:00:00,Station_1,29.0,78.0,6.86,7.8,24.34,10.66,289.86,2.08,1.23,0.6,1.6
2025-01-08 16:00:00,Station_2,29.025,78.025,7.4,7.91,26.13,10.95,264.47,2.58,1.3,0.64,1.51
2025-01-08 16:00:00,Station_3,29.05,78.05,4.98,5.91,24.2,30.41,483.74,7.52,3.93,2.53,1.43
2025-01-08 16:00:00,Station_4,29.075000000000003,78.07499999999999,7.27,7.82,30.35,10.34,305.36,1.4,1.33,0.48,1.49
2025-01-08 16:00:00,Station_5,29.1,78.1,7.08,8.76,23.34,10.77,282.62,1.69,1.13,0.59,1.47
2025-01-08 17:00:00,Station_1,29.0,78.0,7.27,8.41,23.1,9.75,283.91,1.94,0.68,0.5,1.7
2025-01-08 17:00:00,Station_2,29.025,78.025,7.16,7.67,26.19,12.17,302.52,2.02,0.97,0.07,1.46
2025-01-08 17:00:00,Station_3,29.05,78.05,7.5,7.62,27.71,10.79,307.48,2.46,0.86,0.39,1.53
2025-01-08 17:00:00,Station_4,29.075000000000003,78.07499999999999,7.25,7.92,26.78,8.61,308.31,1.15,1.35,0.48,1.54
2025-01-08 17:00:00,Station_5,29.1,78.1,6.98,8.21,26.85,10.82,291.29,2.29,1.32,0.96,1.63
2025-01-08 18:00:00,Station_1,29.0,78.0,7.43,7.86,25.47,11.59,284.49,2.35,0.98,0.42,1.43
2025-01-08 18:00:00,Station_2,29.025,78.025,7.09,8.56,26.51,12.49,318.62,1.08,1.07,0.35,1.51
2025-01-08 18:00:00,Station_3,29.05,78.05,6.97,7.89,24.97,8.36,318.57,2.09,1.6,0.51,1.38
2025-01-08 18:00:00,Station_4,29.075000000000003,78.07499999999999,7.25,7.4,25.24,8.4,321.86,2.61,1.41,0.91,1.75
2025-01-08 18:00:00,Station_5,29.1,78.1,7.21,8.49,25.27,9.01,289.68,2.11,1.05,0.8,1.49
2025-01-08 19:00:00,Station_1,29.0,78.0,7.09,8.57,27.14,14.5,281.7,1.61,1.15,0.5,1.4
2025-01-08 19:00:00,Station_2,29.025,78.025,6.97,8.51,24.04,7.33,271.96,2.6,1.07,0.55,1.5
2025-01-08 19:00:00,Station_3,29.05,78.05,7.1,7.92,25.65,8.45,299.49,0.86,1.16,0.52,1.55
2025-01-08 19:00:00,Station_4,29.075000000000003,78.07499999999999,7.31,7.67,25.11,8.58,301.08,2.27,1.06,0.54,1.24
2025-01-08 19:00:00,Station_5,29.1,78.1,7.6,7.53,27.1,13.51,313.1,1.52,0.84,0.49,1.4
2025-01-08 20:00:00,Station_1,29.0,78.0,7.26,7.77,22.88,12.09,315.36,2.11,0.3,0.11,1.5
2025-01-08 20:00:00,Station_2,29.025,78.025,7.13,8.45,25.5,5.24,292.81,1.88,0.56,0.55,1.5
2025-01-08 20:00:00,Station_3,29.05,78.05,7.49,8.31,22.0,9.84,302.9,1.77,0.52,0.63,1.5
2025-01-08 20:00:00,Station_4,29.075000000000003,78.07499999999999,7.28,7.26,26.71,6.89,265.71,1.01,0.74,0.38,1.64
2025-01-08 20:00:00,Station_5,29.1,78.1,7.22,7.33,27.61,6.62,337.02,1.69,0.87,0.65,1.52
2025-01-08 21:00:00,Station_1,29.0,78.0,7.18,7.78,24.21,8.69,242.83,1.87,0.47,0.83,1.37
2025-01-08 21:00:00,Station_2,29.025,78.025,7.27,8.11,23.09,10.74,269.77,1.85,0.09,0.17,1.32
2025-01-08 21:00:00,Station_3,29.05,78.05,6.9,8.03,22.94,13.31,297.04,0.74,1.41,0.58,1.67
2025-01-08 21:00:00,Station_4,29.075000000000003,78.07499999999999,7.17,8.41,25.32,7.87,302.6,1.77,1.43,1.01,1.62
2025-01-08 21:00:00,Station_5,29.1,78.1,7.23,8.04,23.25,6.04,294.84,2.32,0.98,0.45,1.45
2025-01-08 22:00:00,Station_1,29.0,78.0,7.31,8.43,26.63,8.36,275.81,3.13,1.06,0.61,1.53
2025-01-08 22:00:00,Station_2,29.025,78.025,6.87,7.92,23.68,11.03,283.69,2.1,1.09,0.32,1.5
2025-01-08 22:00:00,Station_3,29.05,78.05,7.09,7.79,23.0,10.07,271.3,2.64,0.66,0.29,1.55
2025-01-08 22:00:00,Station_4,29.075000000000003,78.07499999999999,6.66,8.65,25.96,12.06,314.31,2.37,0.73,0.79,1.36
2025-01-08 22:00:00,Station_5,29.1,78.1,7.14,8.09,25.33,9.34,241.63,1.35,0.74,-0.01,1.4
2025-01-08 23:00:00,Station_1,29.0,78.0,7.44,8.29,26.39,13.28,260.17,2.84,0.37,0.5,1.56
2025-01-08 23:00:00,Station_2,29.025,78.025,7.02,8.16,26.63,9.57,319.79,2.42,0.92,0.51,1.37
2025-01-08 23:00:00,Station_3,29.05,78.05,7.38,8.75,25.39,13.39,273.63,2.12,0.74,0.22,1.46
2025-01-08 23:00:00,Station_4,29.075000000000003,78.07499999999999,7.27,7.72,23.78,8.64,318.28,2.88,0.82,0.42,1.61
2025-01-08 23:00:00,Station_5,29.1,78.1,7.31,8.31,24.64,8.58,284.55,1.15,0.53,0.89,1.42
2025-01-09 00:00:00,Station_1,29.0,78.0,6.99,7.7,22.19,9.91,334.59,2.26,0.82,0.42,1.32
2025-01-09 00:00:00,Station_2,29.025,78.025,7.23,6.97,23.58,6.31,334.71,2.68,0.73,0.88,1.37
2025-01-09 00:00:00,Station_3,29.05,78.05,7.21,8.41,21.88,8.36,304.86,1.2,1.43,0.79,1.57
2025-01-09 00:00:00,Station_4,29.075000000000003,78.07499999999999,7.14,7.78,25.84,5.87,324.89,1.63,0.94,0.35,1.6
2025-01-09 00:00:00,Station_5,29.1,78.1,7.16,7.87,25.26,11.95,316.64,1.24,0.82,0.41,1.44
2025-01-09 01:00:00,Station_1,29.0,78.0,7.12,8.35,23.81,11.33,279.56,2.25,0.63,0.21,1.45
2025-01-09 01:00:00,Station_2,29.025,78.025,7.15,8.02,25.23,9.83,321.91,1.72,0.75,0.6,1.58
2025-01-09 01:00:00,Station_3,29.05,78.05,7.15,7.91,23.73,11.67,311.5,2.56,1.13,0.57,1.51
2025-01-09 01:00:00,Station_4,29.075000000000003,78.07499999999999,7.53,8.0,24.77,10.21,322.18,2.02,1.21,0.44,1.43
2025-01-09 01:00:00,Station_5,29.1,78.1,7.18,8.13,24.57,10.06,303.16,1.89,1.07,0.55,1.54
2025-01-09 02:00:00,Station_1,29.0,78.0,7.36,7.97,25.07,12.74,324.62,3.23,1.15,0.33,1.53
2025-01-09 02:00:00,Station_2,29.025,78.025,7.03,7.59,27.43,11.38,333.62,2.53,0.69,0.59,1.35
2025-01-09 02:00:00,Station_3,29.05,78.05,7.24,7.96,25.27,7.06,314.61,1.73,1.13,0.7,1.57
2025-01-09 02:00:00,Station_4,29.075000000000003,78.07499999999999,7.31,6.99,22.37,9.72,321.63,2.85,1.24,0.6,1.66
2025-01-09 02:00:00,Station_5,29.1,78.1,6.84,7.45,21.92,5.31,312.29,2.03,1.2,0.5,1.44
2025-01-09 03:00:00,Station_1,29.0,78.0,6.98,9.31,25.76,9.56,289.8,2.32,0.8,0.54,1.52
2025-01-09 03:00:00,Station_2,29.025,78.025,7.33,7.13,23.65,7.46,292.99,2.56,1.46,0.62,1.42
2025-01-09 03:00:00,Station_3,29.05,78.05,7.27,8.1,25.47,12.1,343.69,2.8,1.08,0.48,1.4
2025-01-09 03:00:00,Station_4,29.075000000000003,78.07499999999999,7.14,8.18,26.86,8.04,271.82,1.51,0.5,0.78,1.45
2025-01-09 03:00:00,Station_5,29.1,78.1,7.23,7.79,21.66,7.7,288.32,2.74,0.74,0.31,1.39
2025-01-09 04:00:00,Station_1,29.0,78.0,7.28,7.64,26.47,9.01,316.08,1.87,0.96,0.38,1.48
2025-01-09 04:00:00,Station_2,29.025,78.025,7.33,8.27,24.55,9.64,311.85,2.09,1.28,0.54,1.47
2025-01-09 04:00:00,Station_3,29.05,78.05,7.16,7.87,25.43,10.2,271.05,1.75,0.8,0.32,1.37
2025-01-09 04:00:00,Station_4,29.075000000000003,78.07499999999999,7.5,7.85,24.63,13.59,281.26,1.87,0.67,0.41,1.6
2025-01-09 04:00:00,Station_5,29.1,78.1,7.09,7.19,25.45,10.14,323.51,1.69,1.32,0.27,1.38
2025-01-09 05:00:00,Station_1,29.0,78.0,7.26,8.88,21.6,10.21,296.73,2.52,0.86,0.58,1.46
2025-01-09 05:00:00,Station_2,29.025,78.025,7.65,8.5,26.51,10.17,313.17,2.4,1.19,0.68,1.64
2025-01-09 05:00:00,Station_3,29.05,78.05,7.23,7.15,21.63,12.42,238.06,2.16,1.2,0.39,1.56
2025-01-09 05:00:00,Station_4,29.075000000000003,78.07499999999999,7.29,8.55,23.68,8.79,332.69,2.49,0.61,0.57,1.58
2025-01-09 05:00:00,Station_5,29.1,78.1,7.5,7.98,26.82,12.24,305.46,2.4,1.07,0.61,1.41
2025-01-09 06:00:00,Station_1,29.0,78.0,7.53,8.08,25.12,6.97,296.76,1.24,0.91,0.45,1.58
2025-01-09 06:00:00,Station_2,29.025,78.025,7.24,7.66,22.55,13.21,317.25,2.13,1.29,0.54,1.53
2025-01-09 06:00:00,Station_3,29.05,78.05,7.17,6.97,24.8,8.78,302.82,1.73,1.79,0.35,1.46
2025-01-09 06:00:00,Station_4,29.075000000000003,78.07499999999999,7.1,8.11,26.12,13.9,315.91,1.89,0.82,0.34,1.44
2025-01-09 06:00:00,Station_5,29.1,78.1,7.34,8.25,26.1,8.08,315.27,2.14,0.56,0.76,1.4
2025-01-09 07:00:00,Station_1,29.0,78.0,7.44,8.02,25.67,11.85,280.05,2.35,1.57,0.29,1.42
2025-01-09 07:00:00,Station_2,29.025,78.025,7.06,8.22,26.32,6.76,269.33,2.31,1.07,0.5,1.5
2025-01-09 07:00:00,Station_3,29.05,78.05,7.22,7.73,24.71,12.61,288.95,2.08,0.57,0.6,1.42
2025-01-09 07:00:00,Station_4,29.075000000000003,78.07499999999999,7.33,7.32,26.32,10.47,315.68,2.36,0.45,0.38,1.56
2025-01-09 07:00:00,Station_5,29.1,78.1,6.96,8.87,24.32,11.92,292.32,2.34,0.89,0.58,1.39
